alignas(8) extern const unsigned char g_model[] = {
0x1c, 0x00, 0x00, 0x00, 0x54, 0x46, 0x4c, 0x33, 0x14, 0x00, 0x20, 0x00, 
0x1c, 0x00, 0x18, 0x00, 0x14, 0x00, 0x10, 0x00, 0x0c, 0x00, 0x00, 0x00, 
0x08, 0x00, 0x04, 0x00, 0x14, 0x00, 0x00, 0x00, 0x1c, 0x00, 0x00, 0x00, 
0x8c, 0x00, 0x00, 0x00, 0xe4, 0x00, 0x00, 0x00, 0x7c, 0x37, 0x00, 0x00, 
0x8c, 0x37, 0x00, 0x00, 0x94, 0x63, 0x00, 0x00, 0x03, 0x00, 0x00, 0x00, 
0x01, 0x00, 0x00, 0x00, 0x04, 0x00, 0x00, 0x00, 0x26, 0xc4, 0xff, 0xff, 
0x0c, 0x00, 0x00, 0x00, 0x1c, 0x00, 0x00, 0x00, 0x3c, 0x00, 0x00, 0x00, 
0x0f, 0x00, 0x00, 0x00, 0x73, 0x65, 0x72, 0x76, 0x69, 0x6e, 0x67, 0x5f, 
0x64, 0x65, 0x66, 0x61, 0x75, 0x6c, 0x74, 0x00, 0x01, 0x00, 0x00, 0x00, 
0x04, 0x00, 0x00, 0x00, 0x90, 0xff, 0xff, 0xff, 0x28, 0x00, 0x00, 0x00, 
0x04, 0x00, 0x00, 0x00, 0x08, 0x00, 0x00, 0x00, 0x6f, 0x75, 0x74, 0x70, 
0x75, 0x74, 0x5f, 0x30, 0x00, 0x00, 0x00, 0x00, 0x01, 0x00, 0x00, 0x00, 
0x04, 0x00, 0x00, 0x00, 0x66, 0xc5, 0xff, 0xff, 0x04, 0x00, 0x00, 0x00, 
0x0c, 0x00, 0x00, 0x00, 0x6b, 0x65, 0x72, 0x61, 0x73, 0x5f, 0x74, 0x65, 
0x6e, 0x73, 0x6f, 0x72, 0x00, 0x00, 0x00, 0x00, 0x02, 0x00, 0x00, 0x00, 
0x34, 0x00, 0x00, 0x00, 0x04, 0x00, 0x00, 0x00, 0xdc, 0xff, 0xff, 0xff, 
0x2b, 0x00, 0x00, 0x00, 0x04, 0x00, 0x00, 0x00, 0x13, 0x00, 0x00, 0x00, 
0x43, 0x4f, 0x4e, 0x56, 0x45, 0x52, 0x53, 0x49, 0x4f, 0x4e, 0x5f, 0x4d, 
0x45, 0x54, 0x41, 0x44, 0x41, 0x54, 0x41, 0x00, 0x08, 0x00, 0x0c, 0x00, 
0x08, 0x00, 0x04, 0x00, 0x08, 0x00, 0x00, 0x00, 0x2a, 0x00, 0x00, 0x00, 
0x04, 0x00, 0x00, 0x00, 0x13, 0x00, 0x00, 0x00, 0x6d, 0x69, 0x6e, 0x5f, 
0x72, 0x75, 0x6e, 0x74, 0x69, 0x6d, 0x65, 0x5f, 0x76, 0x65, 0x72, 0x73, 
0x69, 0x6f, 0x6e, 0x00, 0x2c, 0x00, 0x00, 0x00, 0x94, 0x36, 0x00, 0x00, 
0x8c, 0x36, 0x00, 0x00, 0x78, 0x36, 0x00, 0x00, 0x5c, 0x36, 0x00, 0x00, 
0x48, 0x36, 0x00, 0x00, 0x2c, 0x36, 0x00, 0x00, 0x10, 0x36, 0x00, 0x00, 
0xf4, 0x35, 0x00, 0x00, 0xa4, 0x35, 0x00, 0x00, 0x94, 0x31, 0x00, 0x00, 
0x84, 0x30, 0x00, 0x00, 0x74, 0x0c, 0x00, 0x00, 0x34, 0x0c, 0x00, 0x00, 
0xf4, 0x0b, 0x00, 0x00, 0xa4, 0x0b, 0x00, 0x00, 0x84, 0x06, 0x00, 0x00, 
0x34, 0x06, 0x00, 0x00, 0x54, 0x03, 0x00, 0x00, 0x04, 0x03, 0x00, 0x00, 
0x44, 0x01, 0x00, 0x00, 0x3c, 0x01, 0x00, 0x00, 0x34, 0x01, 0x00, 0x00, 
0x2c, 0x01, 0x00, 0x00, 0x24, 0x01, 0x00, 0x00, 0x1c, 0x01, 0x00, 0x00, 
0x14, 0x01, 0x00, 0x00, 0x0c, 0x01, 0x00, 0x00, 0x04, 0x01, 0x00, 0x00, 
0xfc, 0x00, 0x00, 0x00, 0xf4, 0x00, 0x00, 0x00, 0xec, 0x00, 0x00, 0x00, 
0xe4, 0x00, 0x00, 0x00, 0xdc, 0x00, 0x00, 0x00, 0xd4, 0x00, 0x00, 0x00, 
0xcc, 0x00, 0x00, 0x00, 0xc4, 0x00, 0x00, 0x00, 0xbc, 0x00, 0x00, 0x00, 
0xb4, 0x00, 0x00, 0x00, 0xac, 0x00, 0x00, 0x00, 0xa4, 0x00, 0x00, 0x00, 
0x9c, 0x00, 0x00, 0x00, 0x94, 0x00, 0x00, 0x00, 0x74, 0x00, 0x00, 0x00, 
0x04, 0x00, 0x00, 0x00, 0x92, 0xc6, 0xff, 0xff, 0x04, 0x00, 0x00, 0x00, 
0x60, 0x00, 0x00, 0x00, 0x0c, 0x00, 0x00, 0x00, 0x08, 0x00, 0x0e, 0x00, 
0x08, 0x00, 0x04, 0x00, 0x08, 0x00, 0x00, 0x00, 0x10, 0x00, 0x00, 0x00, 
0x28, 0x00, 0x00, 0x00, 0x00, 0x00, 0x06, 0x00, 0x08, 0x00, 0x04, 0x00, 
0x06, 0x00, 0x00, 0x00, 0x04, 0x00, 0x00, 0x00, 0x01, 0x00, 0x00, 0x00, 
0xeb, 0x03, 0x00, 0x00, 0x0c, 0x00, 0x18, 0x00, 0x14, 0x00, 0x10, 0x00, 
0x0c, 0x00, 0x04, 0x00, 0x0c, 0x00, 0x00, 0x00, 0x8a, 0xc8, 0x0a, 0x0e, 
0x90, 0xc4, 0x76, 0x13, 0x02, 0x00, 0x00, 0x00, 0x02, 0x00, 0x00, 0x00, 
0x04, 0x00, 0x00, 0x00, 0x06, 0x00, 0x00, 0x00, 0x32, 0x2e, 0x32, 0x31, 
0x2e, 0x30, 0x00, 0x00, 0xfe, 0xc6, 0xff, 0xff, 0x04, 0x00, 0x00, 0x00, 
0x10, 0x00, 0x00, 0x00, 0x31, 0x2e, 0x31, 0x34, 0x2e, 0x30, 0x00, 0x00, 
0x00, 0x00, 0x00, 0x00, 0x00, 0x00, 0x00, 0x00, 0x4c, 0x9f, 0xff, 0xff, 
0x50, 0x9f, 0xff, 0xff, 0x54, 0x9f, 0xff, 0xff, 0x58, 0x9f, 0xff, 0xff, 
0x5c, 0x9f, 0xff, 0xff, 0x60, 0x9f, 0xff, 0xff, 0x64, 0x9f, 0xff, 0xff, 
0x68, 0x9f, 0xff, 0xff, 0x6c, 0x9f, 0xff, 0xff, 0x70, 0x9f, 0xff, 0xff, 
0x74, 0x9f, 0xff, 0xff, 0x78, 0x9f, 0xff, 0xff, 0x7c, 0x9f, 0xff, 0xff, 
0x80, 0x9f, 0xff, 0xff, 0x84, 0x9f, 0xff, 0xff, 0x88, 0x9f, 0xff, 0xff, 
0x8c, 0x9f, 0xff, 0xff, 0x90, 0x9f, 0xff, 0xff, 0x94, 0x9f, 0xff, 0xff, 
0x98, 0x9f, 0xff, 0xff, 0x9c, 0x9f, 0xff, 0xff, 0xa0, 0x9f, 0xff, 0xff, 
0x72, 0xc7, 0xff, 0xff, 0x04, 0x00, 0x00, 0x00, 0xb0, 0x01, 0x00, 0x00, 
0x0e, 0xbd, 0x56, 0x1a, 0x54, 0xed, 0x0f, 0x06, 0xaf, 0x4e, 0xc7, 0x58, 
0xe6, 0x18, 0x2e, 0x26, 0xbd, 0x81, 0xeb, 0x38, 0x57, 0xc2, 0xdb, 0xdf, 
0xb5, 0xef, 0x1d, 0xfb, 0x23, 0x2b, 0xe0, 0xec, 0xff, 0xbd, 0xfc, 0x81, 
0xfa, 0x29, 0x0e, 0x00, 0x09, 0xe3, 0xdf, 0x18, 0xb4, 0x0d, 0xe1, 0xe4, 
0x3e, 0xf3, 0xf0, 0xeb, 0x26, 0xff, 0x0f, 0xb7, 0x49, 0x69, 0x4f, 0xa4, 
0x0b, 0x3f, 0x1c, 0x82, 0xb6, 0x1e, 0x4c, 0x1a, 0xfd, 0xba, 0x2b, 0x7f, 
0xb1, 0xac, 0x2d, 0x38, 0xe9, 0x95, 0xdb, 0xe6, 0x6e, 0x2d, 0xf5, 0x7f, 
0x04, 0x6b, 0x44, 0x03, 0x9b, 0xb4, 0xbe, 0xa1, 0xfa, 0x19, 0xb7, 0xa4, 
0x0f, 0xbe, 0xc5, 0x22, 0x89, 0xb2, 0x9b, 0x02, 0x23, 0xe6, 0x43, 0x01, 
0xfd, 0x29, 0xf8, 0x81, 0x34, 0x96, 0x0b, 0xe4, 0xde, 0x3c, 0xf0, 0x30, 
0xa6, 0x4e, 0xfc, 0x00, 0xf7, 0x3a, 0xd3, 0x24, 0xd3, 0xd6, 0xe4, 0x5b, 
0x33, 0xf4, 0x0c, 0x9c, 0xc7, 0x34, 0xba, 0x18, 0xcb, 0x81, 0xfb, 0x14, 
0x17, 0x19, 0x35, 0xed, 0x08, 0xce, 0xf0, 0x08, 0xf2, 0xb4, 0x12, 0xf0, 
0xf9, 0x59, 0xf2, 0xb0, 0x19, 0xfd, 0x00, 0x83, 0x3d, 0xe5, 0x22, 0x81, 
0x17, 0xd9, 0x07, 0x3d, 0xeb, 0xca, 0x08, 0x1f, 0xc2, 0x02, 0xe8, 0xff, 
0x4b, 0x4d, 0x1c, 0x14, 0x19, 0x6c, 0x5a, 0xe8, 0x20, 0x1b, 0x16, 0x1c, 
0xb7, 0x06, 0x42, 0x27, 0x0c, 0x81, 0x2e, 0xee, 0xe4, 0xf1, 0xea, 0x4d, 
0xeb, 0xe4, 0xbf, 0xdd, 0x0b, 0xf9, 0x42, 0xfa, 0x01, 0x3c, 0x20, 0xd5, 
0xb2, 0xc8, 0x33, 0xcb, 0xff, 0xc1, 0x04, 0x1f, 0x7f, 0x64, 0x2c, 0xc9, 
0x77, 0x07, 0x1e, 0x30, 0xda, 0xd4, 0xf1, 0x04, 0x0e, 0xb9, 0x3e, 0xcb, 
0xbf, 0xed, 0x23, 0xa2, 0x42, 0x0d, 0xc5, 0x2a, 0x19, 0x03, 0x0d, 0x1e, 
0x12, 0x01, 0xe3, 0x3a, 0xd2, 0xf9, 0x10, 0xf0, 0x21, 0x0d, 0x06, 0x02, 
0x1e, 0xe4, 0x81, 0xeb, 0x20, 0xf1, 0x43, 0x4c, 0xe5, 0x01, 0x4b, 0x2b, 
0x32, 0x90, 0xaf, 0x29, 0x01, 0x46, 0xee, 0x12, 0xef, 0x05, 0x8d, 0x98, 
0x81, 0xac, 0xfe, 0xc6, 0x60, 0x6c, 0xf7, 0x90, 0xb2, 0xd9, 0x1a, 0xe8, 
0x2b, 0x13, 0x58, 0xf4, 0xcb, 0x27, 0x0a, 0x7f, 0xd4, 0xda, 0xdc, 0x0a, 
0x25, 0x18, 0x18, 0x3d, 0x4a, 0xdf, 0x22, 0xcd, 0x77, 0x7d, 0xe8, 0xb4, 
0xc6, 0x2b, 0x1d, 0xd7, 0xce, 0x61, 0x20, 0x31, 0xa7, 0xe1, 0xd2, 0xd9, 
0xe3, 0xef, 0x13, 0xf6, 0x26, 0xa6, 0xe5, 0xda, 0x18, 0xab, 0xce, 0xec, 
0xd1, 0xd8, 0x81, 0x8e, 0x71, 0x6f, 0x7f, 0xe0, 0x60, 0x1d, 0x5a, 0x1a, 
0x13, 0x18, 0x4c, 0x29, 0xa8, 0x37, 0xd9, 0x40, 0xfc, 0xd6, 0x27, 0x56, 
0xb3, 0xc5, 0xc9, 0x96, 0x3c, 0x21, 0xb7, 0xec, 0xb3, 0xe2, 0xc7, 0x44, 
0xeb, 0x12, 0x74, 0x0d, 0x35, 0x27, 0x7e, 0x2b, 0x81, 0xf8, 0xf2, 0xdd, 
0x35, 0x00, 0x29, 0x10, 0x0b, 0xe0, 0x28, 0xfc, 0x7b, 0xfa, 0x7f, 0xbc, 
0xfd, 0xff, 0x71, 0xb7, 0xe0, 0x31, 0xe5, 0x60, 0x34, 0xf9, 0x9a, 0x64, 
0xac, 0xbd, 0xb3, 0x2f, 0x2f, 0xee, 0xf8, 0xd3, 0x8f, 0xaf, 0xe1, 0x08, 
0x2e, 0xc9, 0xff, 0xff, 0x04, 0x00, 0x00, 0x00, 0x40, 0x00, 0x00, 0x00, 
0x72, 0xcd, 0xff, 0xff, 0x73, 0xfc, 0xff, 0xff, 0xeb, 0xda, 0xff, 0xff, 
0x06, 0xb7, 0xff, 0xff, 0x42, 0xfd, 0xff, 0xff, 0x55, 0xf9, 0xff, 0xff, 
0xfb, 0xfc, 0xff, 0xff, 0xa8, 0x07, 0x00, 0x00, 0x12, 0xfd, 0xff, 0xff, 
0x0f, 0xf5, 0xff, 0xff, 0xfb, 0xff, 0xff, 0xff, 0x08, 0xe0, 0xff, 0xff, 
0xf7, 0xfe, 0xff, 0xff, 0x4e, 0xbf, 0xff, 0xff, 0x69, 0x02, 0x00, 0x00, 
0xab, 0xdb, 0xff, 0xff, 0x7a, 0xc9, 0xff, 0xff, 0x04, 0x00, 0x00, 0x00, 
0xd0, 0x02, 0x00, 0x00, 0x05, 0x41, 0x52, 0xb8, 0xf2, 0xf2, 0x17, 0x0a, 
0xbe, 0xe8, 0x35, 0x06, 0x87, 0xfe, 0xbf, 0x17, 0x08, 0x06, 0x68, 0x77, 
0x2e, 0xca, 0xdf, 0xb6, 0x32, 0x2d, 0x01, 0x26, 0x0b, 0x11, 0x0f, 0xf9, 
0x0c, 0x14, 0x19, 0x03, 0x57, 0x81, 0x30, 0x43, 0xb9, 0x1a, 0x3b, 0x27, 
0x0d, 0x4a, 0x38, 0xd9, 0x6b, 0x08, 0x1b, 0x5b, 0xe6, 0xfa, 0x53, 0x79, 
0x22, 0x1a, 0xf7, 0xb4, 0x41, 0x0a, 0x42, 0x08, 0x7f, 0xee, 0xe8, 0x02, 
0x8e, 0x3e, 0x72, 0x2c, 0xd3, 0x78, 0x31, 0x10, 0x47, 0xd9, 0x09, 0x30, 
0xfb, 0xef, 0x48, 0x12, 0xe9, 0x34, 0xcd, 0x08, 0x22, 0xe3, 0x15, 0xbb, 
0xe8, 0x19, 0xe0, 0xee, 0xe4, 0xf4, 0x2b, 0x17, 0xbd, 0x21, 0xf0, 0x09, 
0x0d, 0xe4, 0x13, 0x1b, 0xea, 0xe4, 0x1d, 0xfa, 0x0a, 0x10, 0x0a, 0x23, 
0xf4, 0xe5, 0xb3, 0x18, 0x00, 0xf2, 0xd3, 0x05, 0x0c, 0xfb, 0x11, 0x81, 
0xdd, 0xed, 0x07, 0x18, 0x18, 0xe8, 0xf9, 0x08, 0x2f, 0x22, 0x0f, 0xc9, 
0x81, 0xcf, 0xc7, 0xc3, 0x2b, 0x20, 0xea, 0x48, 0x0d, 0xda, 0xfb, 0xc7, 
0x25, 0x0f, 0x47, 0x06, 0x29, 0xe8, 0xed, 0x22, 0xe8, 0xf9, 0xce, 0xce, 
0xf5, 0x3d, 0xcb, 0x47, 0x59, 0xf9, 0xf8, 0xb1, 0xd7, 0x1e, 0xf1, 0xcc, 
0x12, 0x6c, 0xeb, 0x08, 0x3b, 0x38, 0x0b, 0x44, 0x15, 0xc5, 0x00, 0xd4, 
0x05, 0x44, 0x51, 0xe4, 0xb2, 0xf1, 0x44, 0xed, 0x16, 0xd7, 0xbb, 0x13, 
0x04, 0x94, 0x30, 0x7c, 0x06, 0x05, 0xb4, 0x0f, 0xc9, 0x18, 0xd7, 0xed, 
0x0e, 0x08, 0xfd, 0xca, 0xb3, 0xe2, 0xf6, 0x7f, 0xf8, 0xf3, 0x17, 0xf1, 
0x3b, 0x3a, 0xc9, 0xdf, 0x29, 0xe3, 0xcb, 0xe5, 0xea, 0x42, 0x1b, 0xbb, 
0xf0, 0x32, 0x0a, 0xb8, 0x16, 0x04, 0x5d, 0xfd, 0xf7, 0x0a, 0x37, 0x00, 
0xce, 0x06, 0xff, 0x26, 0x37, 0x23, 0x1e, 0x21, 0x31, 0xf6, 0x0c, 0xcf, 
0x21, 0x36, 0x7f, 0x0e, 0x02, 0x0a, 0x59, 0xed, 0xfc, 0x32, 0x19, 0xef, 
0xfa, 0x4e, 0xe0, 0x6c, 0x7f, 0x26, 0x61, 0xd2, 0x35, 0xfb, 0x24, 0xea, 
0x77, 0x3e, 0xd9, 0xfb, 0x0e, 0x2e, 0x31, 0xdb, 0x10, 0x3e, 0x07, 0x13, 
0x15, 0xc6, 0x19, 0x04, 0x8e, 0x1a, 0xb7, 0x24, 0x08, 0xc9, 0xfa, 0x1e, 
0x12, 0xad, 0x33, 0x1c, 0xca, 0xe7, 0xd6, 0x1f, 0xb7, 0x1b, 0xd3, 0xbe, 
0xcc, 0xf0, 0x02, 0x7f, 0x4d, 0xe5, 0x15, 0xf4, 0xff, 0xa9, 0x2b, 0x09, 
0xf0, 0x05, 0x04, 0xdb, 0xe8, 0xf1, 0xe5, 0x03, 0x37, 0xd2, 0xe4, 0x38, 
0x15, 0xe0, 0xe9, 0xea, 0xe4, 0xf7, 0x18, 0xe5, 0x4d, 0x0e, 0x16, 0xf4, 
0xf5, 0x3f, 0xf5, 0x4c, 0x03, 0x1e, 0xf4, 0x3d, 0x4a, 0xe3, 0x7f, 0xda, 
0x0b, 0x08, 0xcb, 0x09, 0x12, 0x0e, 0xf3, 0x3b, 0xfe, 0x4e, 0xf9, 0xe0, 
0x0c, 0xf1, 0x16, 0xfe, 0x1e, 0xf1, 0x24, 0xfb, 0xc3, 0xfb, 0xea, 0x20, 
0x0a, 0x27, 0xfd, 0x1b, 0x13, 0xe6, 0x03, 0x06, 0x19, 0xfb, 0x74, 0xff, 
0x03, 0x25, 0xed, 0xd2, 0xbd, 0xf7, 0xe4, 0x14, 0xd2, 0xa1, 0x6d, 0x16, 
0x45, 0x1d, 0xcf, 0xe9, 0x14, 0xfb, 0xd3, 0xfa, 0xfc, 0x0c, 0x03, 0xfe, 
0x0e, 0xee, 0x4c, 0x41, 0xd2, 0x18, 0x2b, 0x6f, 0xf4, 0x67, 0x32, 0xdc, 
0x0e, 0xec, 0xe8, 0xf8, 0x14, 0xdf, 0x7f, 0xd2, 0x1f, 0x15, 0x9e, 0x16, 
0xe8, 0xdb, 0x09, 0x9c, 0xe7, 0x50, 0x25, 0xe4, 0x07, 0xfd, 0xe4, 0x01, 
0xfc, 0xe0, 0x47, 0x1a, 0x13, 0x03, 0xcf, 0xf3, 0xe8, 0x4c, 0x9d, 0xca, 
0x49, 0x7f, 0x1f, 0xfe, 0x84, 0x96, 0x19, 0x03, 0x89, 0x6d, 0x52, 0x2f, 
0x57, 0x84, 0xdb, 0xcf, 0xc5, 0xf0, 0x19, 0xbe, 0xf7, 0x10, 0xf8, 0xe8, 
0x12, 0x49, 0x23, 0x7f, 0xd8, 0x09, 0x16, 0xea, 0xdb, 0x0a, 0x41, 0xec, 
0xf0, 0x1c, 0x2b, 0xe4, 0xe8, 0x01, 0xe6, 0x22, 0xe9, 0x08, 0xf1, 0x34, 
0x1e, 0xf7, 0x03, 0xdf, 0x27, 0x10, 0xc2, 0x16, 0x22, 0x03, 0xbf, 0xff, 
0x0c, 0x36, 0xe9, 0xd3, 0x37, 0x87, 0xf7, 0x9e, 0x16, 0x0d, 0xdf, 0x13, 
0xf4, 0xe1, 0xd5, 0xe4, 0xf1, 0xd6, 0x33, 0x0b, 0xd1, 0x4b, 0xf9, 0x00, 
0xf4, 0x0c, 0x19, 0xf4, 0x09, 0x1a, 0x61, 0xe8, 0x4f, 0x04, 0x5d, 0x0d, 
0x1a, 0x23, 0xdc, 0x01, 0x0a, 0x7f, 0x2f, 0x02, 0xe8, 0xed, 0xf1, 0x13, 
0x4b, 0x16, 0x41, 0xcb, 0xf8, 0xe4, 0xd6, 0xe1, 0xe7, 0x4f, 0x3f, 0x01, 
0xd7, 0xd6, 0xf6, 0xe4, 0xe3, 0xd9, 0x28, 0x47, 0xef, 0xbf, 0xb9, 0x38, 
0xf3, 0x02, 0xee, 0xd3, 0x25, 0x0e, 0xd9, 0xeb, 0xa0, 0x0e, 0xf2, 0xd4, 
0x05, 0x19, 0x92, 0x11, 0x39, 0x1b, 0x7f, 0x1a, 0xd2, 0xed, 0x48, 0x7f, 
0x23, 0x04, 0x4a, 0xfa, 0x20, 0xfa, 0x94, 0x4f, 0x53, 0x02, 0x47, 0x0b, 
0xe5, 0x14, 0x21, 0xc7, 0x20, 0x05, 0x4a, 0x13, 0x01, 0x53, 0x02, 0xe8, 
0xe4, 0x49, 0xcf, 0x53, 0x95, 0xd2, 0x72, 0xc5, 0x2d, 0x12, 0x5a, 0x0a, 
0xcd, 0xd7, 0x08, 0x66, 0x98, 0xd3, 0xb0, 0x24, 0x16, 0x0c, 0x0f, 0xdb, 
0xf2, 0xe9, 0xe5, 0x84, 0x04, 0x26, 0x23, 0xbc, 0x26, 0xd6, 0xf0, 0x36, 
0x8d, 0x34, 0xc3, 0x20, 0xa7, 0xf7, 0xc3, 0xd9, 0xe9, 0xee, 0x41, 0x12, 
0xe1, 0x0a, 0xe1, 0x5a, 0x1c, 0xff, 0x81, 0xd0, 0x37, 0xc1, 0xbf, 0xe5, 
0x12, 0xcb, 0xe0, 0xed, 0x56, 0xcc, 0xff, 0xff, 0x04, 0x00, 0x00, 0x00, 
0x40, 0x00, 0x00, 0x00, 0x8b, 0xd2, 0xff, 0xff, 0x0a, 0x07, 0x00, 0x00, 
0xb3, 0xee, 0xff, 0xff, 0x56, 0xfd, 0xff, 0xff, 0x7f, 0x05, 0x00, 0x00, 
0x55, 0xee, 0xff, 0xff, 0x07, 0xdf, 0xff, 0xff, 0x33, 0x02, 0x00, 0x00, 
0xac, 0xf1, 0xff, 0xff, 0x88, 0xf3, 0xff, 0xff, 0x23, 0x16, 0x00, 0x00, 
0x32, 0xfc, 0xff, 0xff, 0x7c, 0x04, 0x00, 0x00, 0xd3, 0xde, 0xff, 0xff, 
0x22, 0xde, 0xff, 0xff, 0x2d, 0xe6, 0xff, 0xff, 0xa2, 0xcc, 0xff, 0xff, 
0x04, 0x00, 0x00, 0x00, 0x10, 0x05, 0x00, 0x00, 0x13, 0x81, 0xef, 0xe8, 
0x16, 0x09, 0xf8, 0xfc, 0x19, 0x05, 0xb7, 0x10, 0x05, 0x06, 0x0d, 0xfb, 
0xea, 0x0e, 0x03, 0xee, 0x10, 0xda, 0xfb, 0x15, 0x0a, 0xec, 0xef, 0x06, 
0x0d, 0x0c, 0xe5, 0x19, 0xff, 0x06, 0xf9, 0xfe, 0xf9, 0x01, 0xf5, 0xd9, 
0x0d, 0x06, 0x01, 0xfe, 0xf2, 0x10, 0x1b, 0xff, 0xc7, 0xfc, 0x01, 0x0f, 
0x00, 0xdf, 0xef, 0x26, 0xee, 0xe4, 0x00, 0xe9, 0x05, 0x06, 0xfb, 0xf1, 
0x19, 0xfa, 0xf9, 0x0d, 0xe9, 0xf3, 0xf8, 0xe4, 0xef, 0x67, 0xfc, 0xff, 
0xf0, 0xb1, 0xee, 0x0d, 0xdb, 0xb5, 0xa0, 0xd1, 0x13, 0x43, 0x72, 0x01, 
0x7f, 0x3d, 0xd0, 0xae, 0xb7, 0xe3, 0x38, 0x27, 0xeb, 0xe1, 0x5c, 0xe9, 
0xbe, 0xc7, 0x13, 0x03, 0x19, 0xe1, 0xe6, 0x2a, 0xfd, 0xff, 0x09, 0xd5, 
0x31, 0xfd, 0xda, 0xf7, 0x08, 0x13, 0x0b, 0xd9, 0xed, 0x3d, 0x1b, 0xca, 
0x14, 0x0f, 0x0a, 0xca, 0xff, 0x20, 0xdb, 0x0a, 0xd7, 0x01, 0x1c, 0xd6, 
0xe4, 0xd4, 0xf4, 0xe1, 0x0e, 0xc9, 0x33, 0x00, 0x0b, 0x20, 0x02, 0xf1, 
0xed, 0xfa, 0xea, 0x35, 0x0a, 0x05, 0xf8, 0xed, 0xac, 0xda, 0xe6, 0xcb, 
0xf2, 0xe3, 0x51, 0x7e, 0xf3, 0x27, 0x40, 0xe5, 0x09, 0x57, 0xa0, 0x2c, 
0x2c, 0x20, 0x0c, 0x3d, 0xb2, 0xe3, 0xf0, 0xcd, 0x12, 0x37, 0xf8, 0x04, 
0x5a, 0xc9, 0x4a, 0xe0, 0xee, 0x31, 0x48, 0xe2, 0x0c, 0x38, 0xc8, 0x69, 
0x9c, 0xf4, 0x07, 0x20, 0xb9, 0x01, 0xfb, 0x81, 0x27, 0xd6, 0xb0, 0x35, 
0x01, 0xf0, 0x99, 0xfd, 0x96, 0x64, 0x08, 0x9b, 0x16, 0x45, 0x14, 0xeb, 
0xee, 0xe6, 0x24, 0xd8, 0xb7, 0x46, 0x79, 0xad, 0xf3, 0xe6, 0xe3, 0x12, 
0xf1, 0xfc, 0x09, 0x58, 0xaf, 0x38, 0xcc, 0xc8, 0x15, 0xd3, 0xb1, 0x97, 
0x02, 0x02, 0xe0, 0x10, 0xde, 0xe8, 0xf3, 0xef, 0xe4, 0x11, 0x0d, 0xdd, 
0x09, 0xde, 0xf2, 0xd9, 0xd4, 0x0b, 0x27, 0x1d, 0x34, 0x04, 0xd0, 0xe4, 
0xe6, 0xe3, 0x44, 0xf6, 0xfb, 0x1f, 0xf8, 0xf4, 0x04, 0x0e, 0x1e, 0x14, 
0x02, 0xed, 0x0d, 0x2c, 0xf0, 0xee, 0x13, 0x1b, 0x24, 0xf4, 0x11, 0xe5, 
0x04, 0xe3, 0x02, 0xfd, 0xfb, 0x06, 0xfc, 0x01, 0xcf, 0xef, 0x35, 0xf3, 
0x21, 0xfb, 0x11, 0x04, 0x0e, 0xd8, 0xd9, 0x59, 0x04, 0x09, 0xe4, 0xe6, 
0x01, 0xfd, 0xa4, 0xec, 0x7f, 0x23, 0x1d, 0x11, 0x6e, 0x17, 0x3f, 0x32, 
0x18, 0xfd, 0x0e, 0x3b, 0x81, 0x44, 0x03, 0x36, 0x10, 0xe5, 0x07, 0xf7, 
0x12, 0xa3, 0x34, 0x10, 0xf4, 0x01, 0xf2, 0x26, 0xe0, 0x04, 0xdf, 0x07, 
0xfe, 0xe8, 0x07, 0xec, 0x46, 0xf1, 0xee, 0xb2, 0xdd, 0x17, 0xf8, 0xec, 
0x0b, 0x26, 0x01, 0xe8, 0xb8, 0xcb, 0x07, 0x00, 0x0f, 0x19, 0x0f, 0xf8, 
0xe9, 0x9b, 0xde, 0x0b, 0x00, 0xd3, 0x11, 0xfb, 0x10, 0x08, 0xa2, 0xd0, 
0x1b, 0x01, 0xf1, 0x11, 0xe5, 0x1b, 0x08, 0xd6, 0xbc, 0x04, 0x21, 0xee, 
0xde, 0x87, 0x07, 0x03, 0xe2, 0xed, 0x35, 0xf7, 0xf7, 0x03, 0x1b, 0x0a, 
0xfe, 0x1f, 0xf9, 0x30, 0xf6, 0x0c, 0x1c, 0x19, 0x03, 0xf8, 0x02, 0x03, 
0x29, 0x04, 0xfe, 0x0f, 0x05, 0x0f, 0x13, 0xff, 0xff, 0x1e, 0xf9, 0x0c, 
0x09, 0xfa, 0x0a, 0x0d, 0x0f, 0xef, 0x1b, 0x0a, 0x0c, 0xef, 0xeb, 0x08, 
0xf1, 0x17, 0x04, 0x01, 0x00, 0x17, 0xf9, 0xf2, 0xf4, 0xf2, 0x0e, 0x17, 
0xe8, 0x0e, 0xf7, 0x06, 0xfc, 0x00, 0x0a, 0xf7, 0x1b, 0xca, 0x06, 0x00, 
0xfa, 0xed, 0x02, 0x0b, 0xed, 0x05, 0x81, 0x0e, 0x00, 0xef, 0xd5, 0xf8, 
0x14, 0xdc, 0xd1, 0xa6, 0x2c, 0x20, 0xfe, 0xc5, 0x2f, 0x10, 0x98, 0x15, 
0xdf, 0x1a, 0xdb, 0x0a, 0x1b, 0xf7, 0xed, 0xe0, 0xf5, 0xe4, 0x0b, 0xf8, 
0xeb, 0xdd, 0x07, 0xfc, 0x81, 0x08, 0xf2, 0x03, 0xca, 0x11, 0x1e, 0xf9, 
0xef, 0xfa, 0x0e, 0x01, 0x06, 0xfd, 0xed, 0x0b, 0x1e, 0xe1, 0x10, 0xeb, 
0xfb, 0xdd, 0xff, 0x19, 0xe1, 0xf7, 0x0c, 0x98, 0x25, 0x05, 0xe5, 0xe7, 
0x07, 0xfc, 0xe7, 0xfa, 0x3a, 0x02, 0x19, 0xea, 0x0a, 0x10, 0x0a, 0xfc, 
0xfb, 0x8e, 0x14, 0x4b, 0x02, 0x0e, 0x09, 0x26, 0xfc, 0x23, 0xd3, 0x0a, 
0xe4, 0xdf, 0x01, 0x14, 0xd2, 0xe8, 0x11, 0x7f, 0x03, 0xfc, 0xeb, 0x1e, 
0x08, 0xf2, 0xed, 0xf4, 0x60, 0xf5, 0x17, 0xea, 0xf7, 0x05, 0xfb, 0xe7, 
0xee, 0x45, 0x09, 0xfe, 0xe8, 0x17, 0x12, 0x03, 0x0b, 0x1f, 0x2d, 0xfc, 
0x0c, 0x04, 0x11, 0xfa, 0xfc, 0xff, 0xfb, 0x1c, 0x12, 0x13, 0x14, 0x00, 
0x09, 0x08, 0xf6, 0xf7, 0x1e, 0xf3, 0x10, 0x17, 0x04, 0x18, 0xed, 0xfd, 
0xe6, 0x08, 0x07, 0x24, 0x0f, 0xe0, 0x0d, 0x00, 0xfd, 0x00, 0xeb, 0x01, 
0x2a, 0x27, 0xde, 0xfb, 0xf0, 0xe8, 0xf3, 0xe1, 0x0e, 0x93, 0x01, 0x3d, 
0x25, 0x7f, 0xb2, 0xeb, 0xaa, 0x00, 0xaf, 0xfb, 0x25, 0x26, 0x3b, 0xaa, 
0xd6, 0xd5, 0xb9, 0x53, 0xf2, 0x27, 0x0a, 0x0e, 0xa8, 0xf7, 0xe5, 0xe0, 
0x1e, 0x08, 0x27, 0x0b, 0x49, 0xe8, 0xbd, 0xf9, 0xf3, 0x5d, 0x20, 0xf9, 
0x14, 0x6f, 0x04, 0xff, 0xdf, 0x1e, 0x26, 0xef, 0xc4, 0x1c, 0x48, 0x1f, 
0x11, 0xfa, 0x08, 0xeb, 0x17, 0xbc, 0x12, 0x4b, 0x1f, 0x2f, 0x0c, 0x57, 
0x2e, 0xea, 0xc2, 0xee, 0xea, 0x2d, 0xf5, 0xb4, 0x4c, 0x61, 0xfc, 0xb1, 
0x9f, 0x18, 0x31, 0x02, 0x88, 0x02, 0xad, 0xfa, 0xf4, 0xe4, 0x63, 0x7f, 
0xe8, 0xda, 0xf5, 0xc2, 0x02, 0x03, 0xfa, 0x33, 0x0f, 0x32, 0xef, 0xf7, 
0xd8, 0x16, 0x12, 0x3c, 0x40, 0x04, 0x2d, 0x31, 0xeb, 0x06, 0x04, 0xf0, 
0xfc, 0x18, 0x0f, 0x18, 0x2d, 0x16, 0x0f, 0xef, 0xec, 0xd3, 0x23, 0xe8, 
0x06, 0x06, 0xfe, 0x1f, 0x18, 0xe7, 0xe8, 0xf4, 0xef, 0x02, 0x06, 0xf3, 
0x1d, 0x00, 0x05, 0x02, 0x03, 0x2d, 0xf6, 0x54, 0xea, 0x37, 0x1f, 0xf3, 
0xf5, 0x0a, 0x48, 0x02, 0x30, 0xd8, 0x63, 0x05, 0xf7, 0xf2, 0x0f, 0x6c, 
0xeb, 0x1a, 0xe7, 0xf7, 0x0a, 0xc0, 0x56, 0x01, 0x14, 0xfe, 0xa5, 0x0a, 
0x24, 0x23, 0xb8, 0xfb, 0x0f, 0x09, 0xda, 0xc9, 0x38, 0x1e, 0xd8, 0xca, 
0xff, 0x6d, 0xe5, 0xd6, 0xcb, 0x42, 0x17, 0xda, 0xa5, 0x28, 0x49, 0x01, 
0x1c, 0xde, 0xba, 0xfb, 0x09, 0x45, 0x7f, 0x02, 0xe1, 0x26, 0x04, 0x8b, 
0x2a, 0xde, 0x70, 0x0f, 0xdb, 0x0d, 0x05, 0x03, 0xfa, 0x2c, 0xe6, 0x67, 
0x96, 0x0f, 0x0b, 0xa5, 0x0b, 0x69, 0xcc, 0x16, 0x00, 0x31, 0x3a, 0x03, 
0xef, 0x20, 0xe7, 0xf6, 0x32, 0x33, 0x73, 0xc9, 0xf7, 0x29, 0x23, 0x2c, 
0x19, 0xe8, 0xf6, 0xdc, 0x30, 0xf6, 0xe9, 0xcc, 0x0c, 0x1c, 0x26, 0xfd, 
0x29, 0x40, 0xbe, 0x10, 0x00, 0xb7, 0x1f, 0x23, 0xb6, 0x38, 0x06, 0x2c, 
0x0d, 0x20, 0xd8, 0x70, 0xf9, 0xeb, 0x3a, 0x35, 0xf9, 0xfe, 0x10, 0xeb, 
0x18, 0xe8, 0xf0, 0xe5, 0xa3, 0x1e, 0x00, 0x02, 0xf6, 0xe6, 0xfa, 0xc2, 
0x46, 0xb5, 0xee, 0x02, 0xe6, 0xfc, 0x0d, 0xde, 0x94, 0x21, 0xf6, 0x01, 
0x41, 0x0f, 0x04, 0x16, 0xd5, 0xdb, 0xd5, 0xa1, 0xfa, 0x22, 0xc5, 0x50, 
0xe8, 0xd6, 0x7f, 0xff, 0xce, 0xd3, 0x20, 0x5e, 0x23, 0xb2, 0x1c, 0x7f, 
0x06, 0x28, 0x15, 0xed, 0x91, 0x03, 0xea, 0x2c, 0x3c, 0x27, 0x15, 0xd9, 
0x09, 0x1a, 0xf4, 0xfa, 0x27, 0x45, 0xed, 0xf9, 0x17, 0x2e, 0x4c, 0xd8, 
0x02, 0x3c, 0x35, 0xe9, 0xf4, 0x5f, 0xea, 0x56, 0x1a, 0x13, 0x22, 0xfa, 
0xfa, 0xd8, 0x29, 0xc9, 0x3d, 0x29, 0x02, 0xf2, 0xef, 0xf3, 0xe3, 0xcc, 
0xc3, 0x2f, 0x1f, 0x02, 0xf0, 0xcf, 0xe8, 0xda, 0xd6, 0x02, 0x61, 0x40, 
0x26, 0x29, 0xda, 0xf1, 0xe2, 0xcd, 0xf8, 0x46, 0x25, 0xef, 0xe0, 0xde, 
0xa8, 0xbe, 0xba, 0xbf, 0x15, 0x78, 0x81, 0xd1, 0xe2, 0x24, 0x07, 0xde, 
0xec, 0x07, 0x1c, 0xbe, 0xbb, 0x10, 0x20, 0x0f, 0x10, 0xed, 0x0f, 0x1c, 
0xf9, 0xe5, 0xe7, 0x13, 0xf9, 0x1c, 0xdc, 0xf2, 0x22, 0x23, 0x09, 0x25, 
0x1f, 0x1a, 0xfd, 0xd8, 0xe3, 0xfe, 0x17, 0x3b, 0xff, 0xf7, 0x06, 0x12, 
0xe2, 0xcc, 0xea, 0x1d, 0x4b, 0x06, 0xff, 0x13, 0xec, 0xcf, 0xee, 0xdd, 
0x1f, 0x23, 0xfa, 0x10, 0xe9, 0xdc, 0xe0, 0xf7, 0x00, 0xe6, 0x36, 0xf8, 
0x15, 0x01, 0xfd, 0xf4, 0xfc, 0xe3, 0xd4, 0xee, 0xcf, 0x16, 0xfd, 0xf2, 
0x03, 0x27, 0x19, 0xba, 0x48, 0xdb, 0xde, 0xfb, 0xe0, 0xd7, 0x81, 0xdc, 
0xba, 0xf6, 0x08, 0xe9, 0xdf, 0x05, 0xe4, 0xce, 0xd5, 0xd1, 0xea, 0x28, 
0x04, 0x10, 0x08, 0x00, 0x9c, 0xd0, 0xc7, 0xd9, 0x05, 0x43, 0x41, 0x1f, 
0x06, 0xfd, 0xe6, 0xf0, 0xe7, 0xf7, 0x56, 0x0f, 0xf1, 0x33, 0x06, 0xbb, 
0x2a, 0xea, 0xf6, 0x28, 0xe9, 0x24, 0xde, 0x1e, 0xe2, 0x15, 0xeb, 0x3d, 
0x1d, 0xf1, 0x53, 0x0e, 0x1f, 0xd0, 0x3b, 0xf9, 0x30, 0x1a, 0x1f, 0x24, 
0x06, 0x1f, 0x0e, 0x66, 0xde, 0x44, 0xb3, 0xd1, 0xf0, 0xde, 0x17, 0xf1, 
0xf6, 0xd1, 0x45, 0x43, 0xf8, 0x32, 0xc2, 0x27, 0xe7, 0xdb, 0x22, 0x1c, 
0x3b, 0x21, 0x1d, 0xe2, 0x1f, 0x20, 0xc8, 0x01, 0x3b, 0x21, 0xd4, 0x08, 
0x0c, 0x57, 0x16, 0xc7, 0x04, 0x4d, 0x33, 0x13, 0x0b, 0x0b, 0x69, 0xe9, 
0x23, 0xe9, 0x56, 0x2b, 0xdb, 0x2f, 0x0f, 0x66, 0xe2, 0x24, 0x28, 0x45, 
0x3e, 0xc5, 0x1f, 0xf5, 0x3a, 0xf1, 0x27, 0x44, 0xff, 0x05, 0x06, 0xc3, 
0xc1, 0x25, 0x2e, 0x5b, 0x0a, 0x8e, 0xa7, 0x72, 0xb7, 0xd4, 0x1e, 0x32, 
0x3c, 0x30, 0x90, 0xa5, 0x7f, 0xf5, 0xe8, 0x02, 0xbe, 0xd1, 0xff, 0xff, 
0x04, 0x00, 0x00, 0x00, 0x40, 0x00, 0x00, 0x00, 0x66, 0x0d, 0x00, 0x00, 
0xac, 0xd6, 0xff, 0xff, 0x0a, 0xcb, 0xff, 0xff, 0x4e, 0xfc, 0xff, 0xff, 
0x89, 0xff, 0xff, 0xff, 0xff, 0xfb, 0xff, 0xff, 0x58, 0x04, 0x00, 0x00, 
0xfa, 0xf3, 0xff, 0xff, 0x0a, 0xf0, 0xff, 0xff, 0x2b, 0xff, 0xff, 0xff, 
0x46, 0xf4, 0xff, 0xff, 0x97, 0xc3, 0xff, 0xff, 0x78, 0xdc, 0xff, 0xff, 
0xab, 0xe9, 0xff, 0xff, 0x19, 0xd4, 0xff, 0xff, 0x11, 0xec, 0xff, 0xff, 
0x0a, 0xd2, 0xff, 0xff, 0x04, 0x00, 0x00, 0x00, 0x30, 0x00, 0x00, 0x00, 
0xd4, 0xb6, 0xaf, 0x7f, 0xbb, 0xa1, 0xc0, 0xc4, 0x07, 0x0e, 0xca, 0x0f, 
0xaa, 0xeb, 0xf2, 0xef, 0xcc, 0xa8, 0xa0, 0xa9, 0xf4, 0xc9, 0xe0, 0xad, 
0xa4, 0xc6, 0xa1, 0xb1, 0xd6, 0xf2, 0xbc, 0xf7, 0xab, 0xaf, 0xc5, 0xaa, 
0xb0, 0xae, 0xbc, 0xc4, 0xa0, 0xa4, 0xc6, 0x3f, 0xaa, 0xbe, 0xc5, 0xb6, 
0x46, 0xd2, 0xff, 0xff, 0x04, 0x00, 0x00, 0x00, 0x30, 0x00, 0x00, 0x00, 
0x06, 0x23, 0x4c, 0x71, 0x1a, 0x3d, 0x5a, 0x3b, 0x3a, 0x44, 0x06, 0x5c, 
0x25, 0x59, 0x29, 0x7b, 0xf2, 0x0b, 0x42, 0x28, 0x14, 0x2e, 0x5e, 0xf4, 
0x5a, 0x49, 0x1a, 0x25, 0x06, 0x7f, 0x5a, 0x47, 0x1e, 0x76, 0x72, 0xf2, 
0x80, 0x2f, 0xfc, 0x56, 0x1e, 0xff, 0x4f, 0x5e, 0x40, 0x52, 0x64, 0x14, 
0x82, 0xd2, 0xff, 0xff, 0x04, 0x00, 0x00, 0x00, 0x00, 0x24, 0x00, 0x00, 
0x0d, 0xfb, 0xe0, 0xef, 0x21, 0xf1, 0xa6, 0xf5, 0xe2, 0xee, 0x21, 0xeb, 
0x09, 0x2f, 0x12, 0xc2, 0xff, 0x18, 0x16, 0xe6, 0x1c, 0xf5, 0xe3, 0xec, 
0xe4, 0xe2, 0xeb, 0xf7, 0x9b, 0xb5, 0x36, 0x18, 0xc0, 0xed, 0x15, 0x1a, 
0x7d, 0x26, 0x5c, 0xee, 0xc7, 0xf5, 0xf6, 0x0d, 0xc9, 0xec, 0xfe, 0x81, 
0x1c, 0x2e, 0xbf, 0xe6, 0x17, 0xf1, 0xc4, 0x02, 0x05, 0x08, 0x09, 0xe4, 
0x0f, 0xd2, 0x0a, 0xc4, 0xf4, 0x12, 0x16, 0xff, 0x0b, 0x08, 0xcc, 0x4c, 
0x00, 0xf8, 0xab, 0x34, 0xe5, 0xf2, 0xe9, 0xe0, 0xdb, 0xff, 0x1e, 0x2d, 
0x24, 0xcd, 0x43, 0xd5, 0xd7, 0xe5, 0xbe, 0x13, 0xa8, 0xb3, 0xcb, 0xe7, 
0x26, 0x40, 0xb7, 0x10, 0x0e, 0xb6, 0xba, 0x0d, 0xf6, 0x3c, 0xef, 0xbe, 
0x26, 0xe6, 0xac, 0xe7, 0x0d, 0xfe, 0xfb, 0x15, 0xec, 0xea, 0xce, 0x10, 
0xf6, 0x07, 0x04, 0xf7, 0xd5, 0x2f, 0xfe, 0xe6, 0xfa, 0x38, 0x09, 0x1b, 
0x2c, 0xa9, 0x15, 0xeb, 0xdd, 0xc0, 0xd2, 0x06, 0x92, 0x0b, 0x8a, 0x0e, 
0xee, 0x9a, 0x04, 0xee, 0xab, 0xe0, 0xdc, 0xd9, 0xc7, 0x1f, 0x00, 0x91, 
0x1f, 0xf3, 0x13, 0x95, 0xfe, 0xb3, 0x0b, 0xf0, 0xf4, 0x25, 0x1e, 0xe2, 
0xd3, 0xf4, 0xd1, 0xef, 0xe3, 0x04, 0xdf, 0xda, 0x81, 0x0a, 0xff, 0xf2, 
0xe3, 0x06, 0xde, 0x48, 0x1f, 0xe6, 0xd5, 0xd4, 0xae, 0xf8, 0xe0, 0xfd, 
0x18, 0xd3, 0x14, 0x0e, 0xce, 0xdd, 0xf1, 0xd6, 0xd8, 0x0d, 0x0d, 0xb0, 
0x06, 0xf4, 0x05, 0xc9, 0x28, 0xd6, 0x14, 0xf2, 0x04, 0x45, 0x15, 0xdc, 
0xf8, 0xde, 0xfd, 0x04, 0xf7, 0xe6, 0xfc, 0xf6, 0xb3, 0x15, 0xfe, 0xfa, 
0xe0, 0x2a, 0xe2, 0x0c, 0x1e, 0xfb, 0xe4, 0x0c, 0xc9, 0xf4, 0xd4, 0xfe, 
0x18, 0xc7, 0xf5, 0x12, 0x00, 0xd2, 0x10, 0xf3, 0xe6, 0xdc, 0x2c, 0xbf, 
0x1d, 0xd9, 0xe6, 0xcf, 0x2c, 0x1f, 0x40, 0xff, 0x1c, 0x3e, 0x10, 0xc6, 
0x2a, 0x07, 0x05, 0x07, 0xe4, 0xf2, 0x04, 0xfa, 0xf6, 0xf1, 0xe8, 0x0a, 
0xd6, 0x43, 0x2b, 0xf4, 0x15, 0xea, 0xf6, 0xdd, 0xf2, 0xc4, 0x15, 0x1d, 
0xf0, 0xe7, 0xfd, 0xa6, 0x1c, 0x00, 0x99, 0xf0, 0x1c, 0x00, 0xd7, 0x01, 
0xdd, 0xec, 0xe4, 0xc1, 0xf4, 0x17, 0x1f, 0xea, 0x0f, 0xfc, 0x10, 0x31, 
0x2f, 0xf3, 0x00, 0xbc, 0x14, 0xd0, 0xbe, 0xb0, 0x16, 0x81, 0x29, 0xff, 
0xf8, 0xf0, 0xbd, 0x10, 0xfb, 0xe0, 0xbb, 0xa9, 0xbe, 0x37, 0xf5, 0xf6, 
0xfe, 0x01, 0x0d, 0xc7, 0x0e, 0xff, 0x81, 0xf2, 0x06, 0x05, 0xff, 0x13, 
0x20, 0x02, 0xde, 0xbb, 0xe7, 0x01, 0x12, 0xfc, 0x01, 0xfe, 0xbc, 0x0a, 
0x0a, 0x1b, 0x17, 0xd9, 0xff, 0xe7, 0xe8, 0x89, 0x12, 0xaf, 0x04, 0x10, 
0xee, 0xf4, 0x06, 0xfc, 0x27, 0xcc, 0xd7, 0xa7, 0xbb, 0x09, 0x10, 0xde, 
0x1b, 0xf9, 0x0a, 0xf7, 0xfc, 0x07, 0x9e, 0x1f, 0x05, 0x1e, 0xdf, 0x50, 
0x03, 0xf5, 0xee, 0xcc, 0xfd, 0x02, 0xf4, 0xb1, 0xc9, 0x01, 0xe1, 0x0f, 
0xc1, 0xf0, 0x18, 0xcf, 0xf5, 0x05, 0x15, 0x8d, 0xea, 0xe2, 0xf4, 0x1a, 
0xed, 0xec, 0xf9, 0x11, 0x69, 0xbc, 0xf6, 0xe4, 0xd8, 0x10, 0x22, 0xb6, 
0xff, 0x2b, 0xe2, 0x0d, 0x22, 0x0b, 0xfd, 0x10, 0xf7, 0x31, 0xf3, 0xec, 
0x0a, 0xca, 0xda, 0x1d, 0xf5, 0xf9, 0x09, 0x05, 0x22, 0x17, 0xd4, 0x29, 
0xe3, 0x24, 0x08, 0xfe, 0x23, 0xe0, 0x10, 0xf0, 0x4c, 0x10, 0x02, 0x2e, 
0x23, 0xdf, 0x3a, 0xf8, 0xfc, 0x12, 0x1a, 0x0e, 0x1f, 0x34, 0xef, 0xee, 
0xee, 0x10, 0xde, 0xd1, 0xe5, 0xf9, 0xe4, 0xf4, 0xfb, 0x0f, 0xf8, 0xd2, 
0x0e, 0xe6, 0xd7, 0xf8, 0xeb, 0xcf, 0xee, 0xde, 0x0b, 0x0b, 0xb7, 0xf8, 
0x8e, 0xf5, 0x1d, 0xf0, 0x18, 0xef, 0x05, 0xe0, 0x03, 0xe4, 0xf1, 0xe2, 
0x1f, 0xcf, 0xf6, 0xf5, 0xe5, 0x15, 0xd2, 0x11, 0x02, 0x0b, 0x07, 0xed, 
0xf2, 0xc6, 0x12, 0xb0, 0xd8, 0xf6, 0xe1, 0x02, 0xd8, 0x15, 0x2b, 0xcb, 
0x22, 0xf2, 0xb5, 0xd1, 0xe8, 0xca, 0xe8, 0xe1, 0x46, 0xf6, 0x81, 0xdf, 
0x99, 0x17, 0xf0, 0x05, 0x09, 0x16, 0xdf, 0xe7, 0x04, 0xd1, 0xee, 0xf3, 
0x2f, 0xaf, 0xd0, 0xdf, 0xd3, 0x04, 0xc6, 0x46, 0xf2, 0x2d, 0x2c, 0xf9, 
0x2e, 0x1c, 0x41, 0x36, 0x43, 0x1f, 0xf0, 0x2f, 0x2e, 0xf9, 0xcb, 0xce, 
0xf9, 0xf0, 0x03, 0xef, 0x03, 0x5f, 0x2b, 0xc4, 0xaf, 0xc8, 0xf2, 0x24, 
0x6e, 0xf4, 0xf5, 0x12, 0x12, 0xe7, 0xf9, 0xc0, 0x11, 0x57, 0xdf, 0x22, 
0xd0, 0x08, 0x1b, 0x2c, 0x3a, 0x21, 0x51, 0x0c, 0xc0, 0xf4, 0xfa, 0xfa, 
0x0f, 0x05, 0x09, 0x36, 0x0b, 0x0b, 0xf4, 0x0d, 0x0e, 0xf2, 0x8c, 0xe2, 
0x05, 0xe6, 0xe4, 0x86, 0x20, 0x09, 0x1b, 0xf2, 0x88, 0xbf, 0xb9, 0x11, 
0xf8, 0xec, 0x0d, 0x16, 0x0f, 0xb2, 0x13, 0x15, 0x02, 0x16, 0xd4, 0x04, 
0xef, 0xdc, 0x03, 0x0d, 0x28, 0x2a, 0x33, 0xf2, 0xb3, 0xfb, 0xb8, 0xd5, 
0x2e, 0xdc, 0xea, 0x29, 0xd0, 0xe2, 0x07, 0xd1, 0x1e, 0xe2, 0xb2, 0xcb, 
0xf9, 0xd8, 0xfb, 0xca, 0x69, 0x1d, 0xd7, 0xe0, 0x81, 0xc5, 0x12, 0x0e, 
0x25, 0xa2, 0xed, 0x11, 0xd0, 0x31, 0xf3, 0x2c, 0xe2, 0xe6, 0x84, 0xdc, 
0x17, 0xe7, 0x25, 0xb8, 0x03, 0xf1, 0x89, 0x46, 0xea, 0xe3, 0xd0, 0x96, 
0xdb, 0xea, 0x1c, 0x0d, 0x33, 0xb0, 0x13, 0x14, 0x1c, 0xe5, 0x01, 0xf9, 
0xfc, 0xff, 0x04, 0xe5, 0x10, 0xed, 0x08, 0xfa, 0x08, 0x1f, 0x47, 0x3d, 
0xfe, 0xfc, 0xf3, 0x10, 0x02, 0xdf, 0xcf, 0x09, 0x05, 0xfc, 0x08, 0xd7, 
0xed, 0xea, 0x2a, 0x2f, 0x14, 0x2a, 0xf0, 0xe0, 0x27, 0xf9, 0xfe, 0x27, 
0xd3, 0xec, 0xdd, 0xec, 0x1f, 0xb4, 0xfd, 0xf7, 0x1b, 0xc0, 0xf2, 0xf0, 
0xeb, 0xf5, 0x13, 0xd7, 0xfe, 0xf9, 0xfa, 0xec, 0xed, 0xfa, 0xf2, 0x02, 
0xf9, 0x02, 0x05, 0x0f, 0x0a, 0xe3, 0xb1, 0x0f, 0xf5, 0x00, 0x0e, 0xe7, 
0xe9, 0xd4, 0xfe, 0x00, 0x05, 0xf9, 0x02, 0xd0, 0xff, 0xcf, 0xfc, 0x07, 
0xe4, 0xe4, 0xbd, 0xd4, 0x23, 0xb4, 0xfe, 0xeb, 0xfe, 0xcc, 0xfe, 0xdb, 
0xdb, 0xcf, 0x06, 0xd0, 0xfd, 0x05, 0x03, 0xf8, 0xf6, 0xe8, 0xdb, 0x19, 
0xf8, 0xe3, 0xfc, 0x08, 0x1c, 0xdf, 0x81, 0x28, 0xe6, 0xbe, 0x19, 0xcd, 
0xf2, 0xc5, 0xec, 0xec, 0xe5, 0x18, 0xee, 0xc6, 0xf5, 0xbd, 0xd8, 0xf2, 
0xfc, 0xfe, 0x11, 0xf4, 0x3f, 0x10, 0xa6, 0xd7, 0x07, 0x05, 0x00, 0x04, 
0x1b, 0xf6, 0x9b, 0xfa, 0xed, 0xf6, 0xf3, 0x81, 0xe5, 0x10, 0xc5, 0x10, 
0xf4, 0xda, 0xf3, 0xdf, 0xf3, 0x0f, 0xc5, 0xfc, 0x0f, 0xfc, 0xf1, 0x31, 
0x0a, 0xd4, 0x27, 0xf8, 0x09, 0xed, 0xdb, 0xc2, 0xd9, 0xf6, 0xd2, 0xfd, 
0xff, 0xfa, 0xfa, 0xed, 0x32, 0x18, 0xc0, 0xfe, 0xed, 0x22, 0xfb, 0xfe, 
0x0c, 0xff, 0xac, 0xf3, 0xf6, 0xfd, 0xf7, 0x96, 0xfe, 0x0e, 0xc8, 0xe5, 
0xf6, 0xec, 0x10, 0xf0, 0x1c, 0x04, 0xd9, 0xfb, 0xdf, 0x0d, 0xf1, 0x19, 
0x08, 0xe9, 0x0f, 0xe2, 0x25, 0x0b, 0xfd, 0xc9, 0x11, 0xec, 0xeb, 0xf3, 
0xff, 0xe5, 0xe4, 0xf7, 0x24, 0xfc, 0x01, 0x15, 0xd1, 0x1e, 0x13, 0xdf, 
0x15, 0x0e, 0xb7, 0xea, 0xf4, 0xfa, 0xff, 0xcb, 0xfc, 0xfc, 0xf7, 0xb2, 
0x42, 0x0f, 0x10, 0x14, 0x15, 0xf7, 0xce, 0x12, 0xfc, 0xfe, 0xf6, 0x36, 
0x11, 0x21, 0x19, 0xd7, 0x19, 0x12, 0xfb, 0xef, 0x20, 0xef, 0x0e, 0xec, 
0x1d, 0x0d, 0x00, 0x1c, 0xf6, 0x0d, 0x0c, 0xff, 0x14, 0xfe, 0xd5, 0x72, 
0xb6, 0xf2, 0xef, 0xfa, 0x48, 0x0e, 0xff, 0xfb, 0xe9, 0xc7, 0xf8, 0x37, 
0xed, 0x86, 0x0f, 0xd0, 0xfc, 0x04, 0x22, 0x0b, 0xfc, 0xfc, 0xc4, 0xe6, 
0x30, 0xfc, 0xd5, 0xf6, 0x2a, 0xb5, 0x05, 0x15, 0xf8, 0x09, 0x3c, 0xcf, 
0x17, 0x16, 0x11, 0x1e, 0xd3, 0xfc, 0x09, 0xd0, 0x05, 0xfe, 0x0a, 0x40, 
0xeb, 0xe1, 0xfe, 0xfc, 0x20, 0xfd, 0xfd, 0x0b, 0xe4, 0xce, 0x21, 0x19, 
0xfb, 0x81, 0xfc, 0x04, 0x06, 0xf9, 0xeb, 0x0c, 0xf0, 0x09, 0xd0, 0xe0, 
0x1c, 0xf8, 0xd7, 0xc7, 0x2b, 0xba, 0xe7, 0xec, 0x17, 0x13, 0x22, 0xec, 
0x0a, 0x02, 0x1d, 0xfd, 0xd5, 0x01, 0xe8, 0xba, 0xfe, 0x0e, 0x09, 0x59, 
0xd6, 0xea, 0x0a, 0x16, 0xf3, 0x03, 0xf6, 0x1d, 0x0f, 0xe1, 0x00, 0x04, 
0x02, 0xa4, 0xde, 0x0a, 0xed, 0xfd, 0xd6, 0x4e, 0xe3, 0xfd, 0xdc, 0xbb, 
0x0d, 0xfc, 0xe1, 0x90, 0x23, 0xfd, 0x07, 0xd1, 0xfa, 0x1d, 0x3a, 0xdf, 
0xd9, 0xff, 0xff, 0xf2, 0x10, 0x23, 0xcd, 0xeb, 0x0d, 0xed, 0x04, 0xfd, 
0xeb, 0xee, 0xcf, 0x22, 0x0c, 0x23, 0xfa, 0x01, 0x14, 0xef, 0xd2, 0xda, 
0x20, 0x01, 0x0c, 0xdf, 0xd6, 0x0f, 0x18, 0x19, 0x81, 0xcb, 0x20, 0xff, 
0x49, 0x49, 0xd3, 0xac, 0xe8, 0xc2, 0x27, 0x01, 0xee, 0x9b, 0x00, 0x26, 
0x18, 0x1d, 0xc8, 0xf1, 0x16, 0xd7, 0xd7, 0x01, 0x3a, 0xee, 0xf7, 0xfe, 
0x1b, 0xfc, 0xbf, 0x18, 0x0c, 0xe9, 0xee, 0xfd, 0x01, 0xf2, 0x05, 0x05, 
0x25, 0xc1, 0x3d, 0xe4, 0x99, 0x08, 0xf7, 0xfd, 0xb0, 0x09, 0xea, 0x08, 
0x17, 0xe3, 0xb8, 0xfa, 0xde, 0xd6, 0xfe, 0x07, 0x18, 0xe6, 0xf6, 0xfa, 
0xe8, 0xef, 0xff, 0x16, 0x1b, 0x00, 0xdb, 0xeb, 0xfe, 0xc8, 0xfe, 0xe2, 
0x0b, 0xd8, 0xc3, 0x03, 0xee, 0x08, 0x0f, 0x07, 0x0d, 0xd9, 0x08, 0x01, 
0x16, 0x25, 0xf9, 0xb8, 0xba, 0x0b, 0xf5, 0xf3, 0xc0, 0x11, 0xc3, 0x14, 
0xf9, 0x67, 0x0f, 0x05, 0xbf, 0xac, 0x14, 0xfd, 0xfb, 0x06, 0xe5, 0xf3, 
0x0d, 0x23, 0xc1, 0xea, 0xef, 0xb6, 0xa2, 0x13, 0xab, 0x11, 0xe2, 0xe9, 
0x23, 0x0d, 0xd5, 0x0b, 0x57, 0xcc, 0xed, 0x34, 0xf8, 0xdd, 0xf4, 0xf9, 
0x81, 0xf7, 0x1e, 0x04, 0x03, 0xec, 0xfe, 0xe4, 0xe8, 0x24, 0xf5, 0x12, 
0xfc, 0x02, 0xb2, 0xce, 0x4e, 0xff, 0x09, 0xcc, 0xed, 0x01, 0xc6, 0xf4, 
0x08, 0xfe, 0xce, 0x02, 0x0a, 0xae, 0xd2, 0x02, 0xb2, 0xd4, 0xf1, 0x00, 
0x18, 0xef, 0xdf, 0x0d, 0x16, 0xd0, 0xf2, 0xe3, 0xf2, 0xd6, 0x08, 0x12, 
0x03, 0xdf, 0x12, 0x09, 0xff, 0x04, 0x01, 0x0d, 0x19, 0xfa, 0xe7, 0x0a, 
0x1e, 0x00, 0xb6, 0xdd, 0x2f, 0xf2, 0xd8, 0xc9, 0x06, 0x13, 0xac, 0xd1, 
0x11, 0xfc, 0xe7, 0xe4, 0x45, 0xe2, 0xe7, 0xdd, 0xe2, 0xe8, 0xe1, 0x15, 
0x06, 0xd7, 0xe9, 0xf0, 0x0e, 0xed, 0x1d, 0xd3, 0xda, 0xf1, 0xe3, 0x1c, 
0x7a, 0xb5, 0x22, 0xf3, 0xca, 0xee, 0xf6, 0x20, 0x1d, 0x20, 0xf4, 0xf2, 
0x34, 0x11, 0xb9, 0xfa, 0x0c, 0xcb, 0xc0, 0xd7, 0x00, 0x04, 0xda, 0xc8, 
0x07, 0xc2, 0x24, 0xff, 0x1a, 0x81, 0xf0, 0x08, 0x0b, 0x13, 0xdf, 0xf2, 
0x3d, 0xd2, 0x22, 0xf7, 0xd4, 0x1b, 0x1f, 0x13, 0x32, 0x1a, 0xfc, 0xe0, 
0x21, 0xfb, 0x0b, 0xfb, 0x0f, 0x1d, 0x3b, 0xf7, 0x17, 0xf0, 0xe4, 0xde, 
0x3a, 0xb6, 0x3f, 0x45, 0x59, 0x1d, 0x23, 0x07, 0x2b, 0x41, 0xbf, 0x15, 
0x13, 0xcb, 0x13, 0x0a, 0xee, 0x8e, 0xe1, 0xf0, 0xff, 0x16, 0xaa, 0xcb, 
0x02, 0xd0, 0x25, 0xc7, 0xef, 0x1f, 0x09, 0x00, 0xe4, 0xf9, 0xcb, 0xf3, 
0xfb, 0xe2, 0x09, 0x02, 0x11, 0xfd, 0xf0, 0x03, 0xf5, 0xf3, 0xd4, 0xd3, 
0x12, 0xfc, 0x0a, 0x05, 0x27, 0x0b, 0x0b, 0x07, 0x02, 0xf2, 0xc3, 0x07, 
0x1f, 0xcb, 0xd1, 0x06, 0xc8, 0x8f, 0xf7, 0xee, 0xd1, 0xdb, 0xc6, 0xe9, 
0xc7, 0xc6, 0x08, 0xba, 0xfb, 0x15, 0xf4, 0xd6, 0xdb, 0xd8, 0x96, 0xf6, 
0xcf, 0xdb, 0xe8, 0xe8, 0x03, 0x05, 0xfa, 0xe1, 0xe6, 0x0b, 0xbe, 0xb2, 
0x03, 0x06, 0xca, 0xef, 0x2c, 0x15, 0xeb, 0x03, 0xf0, 0x17, 0xd4, 0xfd, 
0xf2, 0xf3, 0xf7, 0xf4, 0x2b, 0xf9, 0x09, 0x05, 0x00, 0x13, 0x09, 0xea, 
0xe6, 0x10, 0x12, 0x19, 0x24, 0x11, 0x09, 0xfd, 0xf6, 0x0e, 0xef, 0x0e, 
0x00, 0x0e, 0x06, 0x0a, 0x11, 0xd2, 0xec, 0xee, 0xf1, 0xbf, 0x0f, 0xf6, 
0xfe, 0x02, 0x12, 0x12, 0xd7, 0x0a, 0x04, 0xb8, 0xd3, 0x1e, 0xe9, 0x1a, 
0xcb, 0x01, 0x07, 0x20, 0x07, 0x00, 0xec, 0x0b, 0xef, 0x1c, 0x10, 0x02, 
0x05, 0x07, 0xf4, 0x0b, 0x19, 0x09, 0xec, 0x12, 0xff, 0x2d, 0xf9, 0xdb, 
0xf2, 0x08, 0xde, 0x0c, 0xd2, 0xdc, 0xef, 0xec, 0xbe, 0xca, 0xf7, 0x13, 
0x27, 0x00, 0x0c, 0xda, 0x05, 0xf7, 0x11, 0xfc, 0xe1, 0xff, 0x05, 0xf3, 
0xd3, 0xe2, 0x0a, 0xed, 0xef, 0xe7, 0xfa, 0xf9, 0x01, 0xc7, 0xfe, 0xef, 
0x11, 0x00, 0x9d, 0xfe, 0xe5, 0xd7, 0xeb, 0xe0, 0x01, 0x19, 0x2a, 0xb5, 
0x18, 0xe4, 0xe7, 0xf2, 0xe2, 0x07, 0x0a, 0xfb, 0xb4, 0xd6, 0xe7, 0x1e, 
0x08, 0x1d, 0xf8, 0xf1, 0x1d, 0xf9, 0xf3, 0xe6, 0x06, 0x81, 0x11, 0x06, 
0xf9, 0x01, 0xdc, 0x25, 0xf1, 0xfa, 0xd2, 0xe6, 0xfb, 0xfe, 0xee, 0x4b, 
0xed, 0xfc, 0xee, 0x02, 0xd3, 0xf4, 0x93, 0xe3, 0x02, 0x20, 0xff, 0xe3, 
0xd5, 0xa7, 0xf5, 0xb9, 0x0b, 0x0d, 0xe2, 0xf6, 0x01, 0xdd, 0xf0, 0x14, 
0xe8, 0x04, 0xdd, 0x02, 0xd5, 0xd4, 0xb8, 0x22, 0x02, 0xe5, 0x08, 0x11, 
0x0e, 0x06, 0x0e, 0xe8, 0x16, 0xf8, 0xcc, 0x8b, 0x16, 0xf1, 0x0b, 0x10, 
0x09, 0x07, 0xe6, 0x14, 0xf9, 0x16, 0xe9, 0xef, 0x2c, 0x07, 0x0b, 0x22, 
0x12, 0xa3, 0x0e, 0x9d, 0x05, 0x1f, 0x1a, 0xe7, 0xee, 0xde, 0xd2, 0x16, 
0x00, 0x17, 0xbd, 0x13, 0xfa, 0x1d, 0xc0, 0x00, 0x11, 0xf6, 0x15, 0x1e, 
0x0d, 0xe6, 0x17, 0xd8, 0x1c, 0x05, 0xea, 0x81, 0xe8, 0x07, 0x10, 0x06, 
0x01, 0xed, 0x11, 0x06, 0x1d, 0x0a, 0x1c, 0x11, 0x14, 0x10, 0x2d, 0x3d, 
0x17, 0xd1, 0x03, 0xb8, 0x12, 0x08, 0x1b, 0xe3, 0xeb, 0xf8, 0xc6, 0xf8, 
0xf9, 0xfc, 0xb8, 0xe8, 0xfc, 0x27, 0x05, 0x01, 0x18, 0xfc, 0x18, 0x2e, 
0x20, 0x0b, 0x2a, 0xb5, 0xf8, 0x10, 0x01, 0x04, 0xe2, 0xf9, 0xea, 0x66, 
0xe3, 0x01, 0x0c, 0x26, 0xf9, 0xf7, 0x13, 0x0d, 0xcb, 0x0a, 0xc2, 0xff, 
0xc7, 0xf8, 0xf7, 0xf5, 0xc5, 0x3b, 0xf7, 0x2c, 0xd3, 0xe5, 0xde, 0x2c, 
0xf9, 0xd8, 0x0f, 0xd1, 0x10, 0xca, 0xe4, 0x01, 0xbe, 0xaf, 0xdc, 0xed, 
0xe8, 0xec, 0xfd, 0xee, 0x0c, 0xef, 0x03, 0x13, 0xfb, 0xe9, 0x20, 0xf0, 
0x16, 0xea, 0xcd, 0x04, 0x08, 0xeb, 0xfe, 0x07, 0x07, 0x04, 0xe1, 0x14, 
0xe3, 0x0f, 0xf3, 0xf0, 0xee, 0x0f, 0xd7, 0xff, 0x04, 0xcc, 0x04, 0x14, 
0x2c, 0xd5, 0x15, 0xf4, 0xe9, 0xe9, 0x0b, 0x0b, 0xa0, 0xdf, 0xef, 0xf2, 
0xb5, 0xf6, 0xe9, 0x94, 0xf6, 0xd9, 0xf7, 0x09, 0x09, 0xfc, 0x10, 0xa8, 
0x04, 0xe0, 0xfa, 0xfc, 0xf1, 0x37, 0xd0, 0xe9, 0x13, 0x1e, 0xe6, 0x0b, 
0x00, 0x08, 0xd5, 0xe8, 0x2c, 0xd6, 0xd8, 0xc4, 0x15, 0x81, 0x18, 0xeb, 
0x4a, 0xb6, 0x26, 0x00, 0xe4, 0xf4, 0x30, 0x2b, 0x8f, 0x10, 0x1d, 0x24, 
0xd9, 0xd7, 0xa2, 0xd4, 0xdd, 0xb8, 0xd9, 0xcb, 0xee, 0xc7, 0xd9, 0xe6, 
0xd4, 0xfc, 0x09, 0xcf, 0xf0, 0x1a, 0xee, 0xbb, 0x07, 0xdc, 0x81, 0x82, 
0xd6, 0xcc, 0xed, 0x12, 0x0d, 0xc7, 0xeb, 0xfd, 0xba, 0x92, 0xea, 0x13, 
0xf2, 0xff, 0xea, 0xaf, 0xdc, 0xc4, 0xe6, 0xef, 0xdc, 0x82, 0xb4, 0x33, 
0xf4, 0xee, 0xcc, 0x20, 0x2e, 0xea, 0x06, 0xf6, 0xf3, 0x1a, 0xf9, 0x22, 
0xfe, 0xe2, 0x0e, 0xcc, 0x15, 0xe1, 0x04, 0xcb, 0xf9, 0xed, 0xbb, 0xbc, 
0xab, 0x18, 0xfc, 0xf0, 0xec, 0xeb, 0xfd, 0x15, 0xfe, 0xd4, 0x04, 0x45, 
0xf4, 0x22, 0x2d, 0xe6, 0x1b, 0xb9, 0x21, 0x0f, 0xfa, 0xb9, 0xe3, 0x09, 
0xfe, 0x13, 0xec, 0x35, 0x53, 0x1b, 0x1c, 0x13, 0x20, 0x2b, 0xde, 0x1a, 
0x25, 0xcd, 0xfa, 0xe9, 0x38, 0xd9, 0xfe, 0xdd, 0x04, 0x27, 0xcd, 0x1e, 
0xac, 0x2d, 0x14, 0xd3, 0x42, 0xf3, 0x10, 0x42, 0x3e, 0xe4, 0x15, 0x1c, 
0x49, 0x30, 0x1e, 0x0e, 0x27, 0x94, 0x10, 0xe8, 0x1e, 0x1e, 0x1f, 0xf4, 
0x06, 0xad, 0xe4, 0x9f, 0xec, 0xe5, 0xde, 0xe1, 0xcc, 0xfe, 0x15, 0x13, 
0x08, 0xe2, 0xf3, 0x04, 0x0a, 0xfe, 0xd3, 0xde, 0xf4, 0xfc, 0x34, 0x06, 
0xb3, 0xf0, 0x0a, 0xe6, 0x27, 0xf6, 0x9c, 0x1c, 0x1c, 0xde, 0x39, 0x06, 
0xd2, 0x04, 0xbc, 0x97, 0xd4, 0x1a, 0x00, 0xe8, 0x0e, 0xbd, 0xc6, 0xfb, 
0x0a, 0xda, 0x0f, 0xa2, 0xf5, 0x07, 0xe4, 0xdc, 0xde, 0x05, 0xff, 0x14, 
0xf3, 0x00, 0xe2, 0xf2, 0x1d, 0xf4, 0xea, 0xfc, 0xeb, 0x1b, 0xf9, 0xee, 
0xd3, 0xe9, 0xf0, 0xe6, 0x18, 0xeb, 0x9f, 0x13, 0xfa, 0xed, 0xf5, 0x10, 
0xe8, 0xfd, 0xbf, 0x81, 0x08, 0x03, 0xfc, 0xce, 0x0f, 0xc7, 0x04, 0xfa, 
0x34, 0x25, 0x29, 0xe5, 0x18, 0x10, 0x07, 0xdc, 0xd3, 0x1b, 0x19, 0x3a, 
0xfe, 0x2b, 0x14, 0xd9, 0x3e, 0x00, 0x04, 0x06, 0x00, 0x22, 0x1d, 0x00, 
0xff, 0xfb, 0xeb, 0x2a, 0x1f, 0xf4, 0x9f, 0x16, 0xf2, 0xec, 0x1e, 0x16, 
0x0c, 0x51, 0xb8, 0xb6, 0x23, 0x69, 0xf2, 0x18, 0x15, 0xf3, 0x1f, 0x23, 
0xe5, 0x17, 0x22, 0xce, 0x33, 0x05, 0xd3, 0xb8, 0xdd, 0x0f, 0xe3, 0xf5, 
0xd0, 0x03, 0xf8, 0xfd, 0x1a, 0x3e, 0x22, 0x1d, 0xfc, 0x0c, 0xf2, 0x1c, 
0x14, 0xf7, 0x02, 0x1c, 0xff, 0x12, 0x0c, 0xcd, 0xe7, 0xe9, 0xe4, 0x11, 
0x18, 0x18, 0x10, 0x0b, 0x1e, 0xd4, 0xe0, 0x0d, 0xe5, 0xe5, 0x18, 0xfa, 
0xfd, 0x07, 0x0d, 0xfb, 0x2b, 0xea, 0xf4, 0xf6, 0xcf, 0xfb, 0x09, 0xf0, 
0xe3, 0x04, 0xe8, 0x0f, 0x24, 0xe6, 0x08, 0x01, 0x0d, 0x00, 0xd3, 0xba, 
0x16, 0xf2, 0x0b, 0x03, 0x0f, 0xf4, 0x14, 0xde, 0xf7, 0xe2, 0x81, 0x05, 
0xdd, 0x06, 0xf8, 0x15, 0x17, 0xf4, 0xfe, 0xda, 0xda, 0xc0, 0xf7, 0x0e, 
0xfa, 0xf1, 0xff, 0x0f, 0x07, 0xc6, 0xf0, 0x18, 0xee, 0x0d, 0x0b, 0x0c, 
0xe5, 0xfd, 0xe7, 0x25, 0x0f, 0x05, 0xe8, 0x11, 0xfc, 0x2d, 0xf6, 0x06, 
0xf5, 0xf7, 0x1a, 0xf7, 0x0d, 0xfa, 0x06, 0xe5, 0x0b, 0xe7, 0xa0, 0x03, 
0x08, 0x0e, 0xf2, 0x11, 0x13, 0x16, 0x0a, 0xcb, 0xf4, 0xec, 0x0f, 0x21, 
0x14, 0xd7, 0xf5, 0xeb, 0xcf, 0x02, 0xec, 0x87, 0x96, 0x1e, 0xe0, 0xd5, 
0xe9, 0xf7, 0xe8, 0xcd, 0xf3, 0xb8, 0x2b, 0xea, 0xe3, 0x31, 0x9b, 0xf0, 
0xcf, 0xcd, 0xfe, 0xd9, 0xab, 0x13, 0xe3, 0xd2, 0xbe, 0xff, 0xe5, 0x1d, 
0xc8, 0xfb, 0xc6, 0x90, 0xe5, 0xca, 0xad, 0x01, 0xeb, 0xdf, 0xe8, 0xe2, 
0xf6, 0x06, 0xdf, 0xfd, 0x0b, 0xfa, 0xe9, 0xc9, 0xb8, 0xeb, 0xfb, 0xdb, 
0xfa, 0xf0, 0xc5, 0x8a, 0x0c, 0xed, 0x07, 0xe4, 0xf8, 0x1d, 0xcc, 0xf4, 
0xf5, 0xe4, 0xda, 0xfe, 0xee, 0x0f, 0xea, 0x1c, 0xe1, 0xe1, 0xe8, 0x1d, 
0xe4, 0xec, 0xff, 0xa5, 0xe5, 0xf0, 0x03, 0xe5, 0xf4, 0xc3, 0xf9, 0xe7, 
0xee, 0x26, 0x27, 0x04, 0x2a, 0xfd, 0x14, 0x04, 0x3f, 0x26, 0x21, 0xdf, 
0x08, 0x20, 0x23, 0x81, 0x25, 0x18, 0x44, 0xee, 0x51, 0x42, 0x0d, 0xe8, 
0x32, 0x28, 0xd8, 0x2c, 0x4d, 0x17, 0xfb, 0x1e, 0xea, 0x03, 0xfc, 0x11, 
0xf1, 0x51, 0xf5, 0xf3, 0x31, 0x23, 0x34, 0x4a, 0x26, 0xcd, 0x32, 0xf3, 
0xd7, 0xcd, 0xeb, 0xf6, 0x03, 0xa9, 0xc7, 0xf2, 0xd8, 0x22, 0xbf, 0xdf, 
0x0d, 0xee, 0xf7, 0xd2, 0xcd, 0xda, 0xdf, 0x1b, 0xf5, 0xf4, 0xe5, 0xf9, 
0xdc, 0x13, 0xea, 0xf3, 0x0b, 0x8e, 0xed, 0xf7, 0x81, 0x22, 0x21, 0xf3, 
0xdf, 0x11, 0xfa, 0x0c, 0xf3, 0xec, 0xe5, 0x0f, 0xe0, 0xdc, 0x14, 0x15, 
0xdc, 0xfc, 0xdd, 0xe3, 0x09, 0xcc, 0xe9, 0xe7, 0x01, 0xfe, 0xe8, 0xee, 
0x01, 0x02, 0xf0, 0xf4, 0x07, 0xee, 0xe7, 0x0e, 0xf0, 0x06, 0x01, 0xdc, 
0xe8, 0x16, 0x01, 0x02, 0x05, 0xdc, 0x0b, 0x03, 0xba, 0x09, 0xf9, 0xfe, 
0xf8, 0x01, 0xf1, 0x07, 0xfa, 0xf2, 0xe4, 0x01, 0xfa, 0xfc, 0x09, 0x16, 
0x1d, 0x31, 0x1a, 0x02, 0x1b, 0xf4, 0x08, 0xf0, 0x0e, 0xcd, 0xfe, 0x03, 
0x06, 0x07, 0x17, 0x17, 0x0d, 0x03, 0x12, 0xfe, 0xe9, 0x08, 0x17, 0xd6, 
0x0c, 0x0c, 0x0e, 0xf1, 0xff, 0x25, 0x17, 0x11, 0xc9, 0x2c, 0xee, 0x1a, 
0x1b, 0x48, 0xf8, 0x11, 0x06, 0xe8, 0xec, 0xd4, 0x03, 0x16, 0x09, 0xff, 
0x26, 0x0d, 0x9c, 0xe8, 0x0a, 0xd8, 0x14, 0x0d, 0xaa, 0xdf, 0x15, 0xf7, 
0x2b, 0x16, 0xa7, 0xfb, 0x20, 0xf6, 0xeb, 0x06, 0x10, 0xe4, 0xf7, 0xd8, 
0x22, 0x0e, 0x15, 0xaf, 0x1e, 0x81, 0xfa, 0xf7, 0x16, 0x1f, 0xea, 0x0d, 
0x13, 0xcc, 0xf2, 0xba, 0x14, 0x0c, 0xe9, 0xbc, 0x13, 0x0a, 0x15, 0xf2, 
0x0c, 0x16, 0xe1, 0x18, 0xe3, 0xd7, 0x07, 0x0e, 0xe0, 0x3b, 0x10, 0x0a, 
0x38, 0x07, 0xfd, 0xf3, 0x24, 0x0b, 0x14, 0x16, 0x03, 0x1a, 0xf5, 0xf4, 
0x07, 0x18, 0xf8, 0x9f, 0x06, 0x86, 0xfa, 0xe3, 0x08, 0x13, 0xc5, 0xef, 
0x00, 0x24, 0xeb, 0xbc, 0x07, 0xf9, 0x20, 0x0a, 0xf7, 0x03, 0x12, 0x06, 
0x06, 0x0d, 0x17, 0x27, 0xc6, 0xb7, 0xf2, 0x02, 0xfc, 0x16, 0xf4, 0x08, 
0x1e, 0xea, 0xfd, 0x00, 0x28, 0x0a, 0x10, 0x06, 0xf9, 0x29, 0xe5, 0x14, 
0x21, 0x0b, 0xe1, 0xa2, 0xd7, 0xb6, 0xfe, 0xd4, 0xf4, 0x09, 0xa5, 0xdf, 
0x17, 0x4a, 0xe8, 0xca, 0x08, 0x02, 0x3e, 0xc3, 0xf4, 0x04, 0x3a, 0x00, 
0x1a, 0x18, 0xf9, 0xee, 0x13, 0x01, 0xf2, 0x81, 0x10, 0x17, 0x0a, 0xdb, 
0xbe, 0xf1, 0xf7, 0xeb, 0x1b, 0xdc, 0x1d, 0x29, 0xf7, 0x06, 0xe5, 0xfd, 
0xe2, 0xa7, 0xf7, 0xdc, 0x13, 0x14, 0x58, 0x12, 0xfe, 0x05, 0x07, 0xd2, 
0x25, 0xe3, 0x08, 0x0b, 0xeb, 0xb1, 0xec, 0xe8, 0xeb, 0x1f, 0x17, 0xe0, 
0xf8, 0x09, 0xee, 0xcf, 0x10, 0xf3, 0xf2, 0x87, 0x18, 0x11, 0x0b, 0xf3, 
0xbf, 0xfb, 0x19, 0xfa, 0x0d, 0xdf, 0x10, 0x33, 0xec, 0xf0, 0xf6, 0x05, 
0xdf, 0xb8, 0xf8, 0x11, 0x00, 0x14, 0x35, 0x0e, 0xf7, 0xdd, 0xf9, 0xce, 
0x0d, 0xdf, 0xf4, 0x0b, 0xfe, 0xe5, 0xd3, 0x1a, 0xe5, 0x04, 0x01, 0xe2, 
0x06, 0x0e, 0xee, 0x8e, 0x0c, 0xe3, 0xed, 0x8b, 0x0f, 0xf9, 0x02, 0xdd, 
0xde, 0xfd, 0x28, 0xf8, 0x0f, 0xee, 0x0a, 0x34, 0xe3, 0xda, 0xff, 0x0e, 
0x0c, 0xdc, 0xf0, 0x2c, 0xca, 0x01, 0x01, 0x28, 0xf3, 0xeb, 0x0d, 0xc4, 
0x0a, 0xdd, 0xee, 0x08, 0xfd, 0x38, 0xc7, 0x1b, 0xd7, 0xff, 0x07, 0xb8, 
0xd9, 0xfb, 0xfe, 0x1c, 0x08, 0x0c, 0xec, 0xa4, 0x14, 0x29, 0xb5, 0x08, 
0xfe, 0x1f, 0x1e, 0x0b, 0xed, 0x04, 0xe0, 0x27, 0xa2, 0x0e, 0x3a, 0x22, 
0x13, 0x9d, 0x2c, 0x4e, 0x13, 0x28, 0xdb, 0x1f, 0xdf, 0x0a, 0xce, 0x53, 
0xcf, 0xf3, 0x03, 0x25, 0x29, 0xe5, 0x11, 0xca, 0x06, 0xeb, 0x23, 0x00, 
0xf0, 0xe9, 0xb5, 0xe0, 0x02, 0xec, 0xf4, 0xd1, 0xfb, 0x04, 0xc8, 0xff, 
0xd1, 0xf8, 0x0d, 0xf1, 0x28, 0x0a, 0xd7, 0xed, 0xcc, 0xeb, 0xe3, 0xf4, 
0xed, 0xa0, 0x04, 0x1e, 0x09, 0xe7, 0xdf, 0x0a, 0xe2, 0x07, 0xa4, 0x1d, 
0xe3, 0xff, 0xfd, 0xf3, 0x02, 0xf3, 0xff, 0xcc, 0xf4, 0xf0, 0xea, 0xef, 
0x02, 0x16, 0x81, 0x0d, 0x1a, 0xe8, 0x1b, 0xe0, 0x01, 0xd1, 0xe0, 0x06, 
0xc4, 0xd5, 0xf9, 0xf4, 0x28, 0x12, 0xd3, 0x9e, 0x99, 0xfc, 0xc5, 0xef, 
0xfb, 0x93, 0x21, 0x18, 0xdf, 0x06, 0xf7, 0x0c, 0x0b, 0xdb, 0xa5, 0x13, 
0xed, 0xf5, 0x32, 0x27, 0x03, 0xdb, 0xe6, 0xcc, 0x2f, 0xe3, 0xcf, 0xd2, 
0xdc, 0x32, 0xc2, 0x05, 0x23, 0xe3, 0x02, 0x1e, 0x1e, 0x0e, 0xff, 0x2a, 
0x04, 0xe5, 0xf1, 0xd5, 0x15, 0x45, 0xfb, 0x0d, 0x17, 0xf4, 0x10, 0xe6, 
0xff, 0x14, 0xf1, 0x21, 0x01, 0xda, 0x1d, 0xd2, 0x06, 0xd9, 0xd0, 0xea, 
0x1a, 0x30, 0xf0, 0xcb, 0x10, 0x1e, 0x16, 0xf6, 0x1b, 0xa8, 0xda, 0x0e, 
0xf8, 0x0a, 0x07, 0xf2, 0xec, 0xe6, 0xe7, 0x0b, 0x22, 0x13, 0x02, 0x06, 
0x10, 0xc5, 0xc4, 0xc8, 0xf9, 0xe6, 0xff, 0xee, 0xfd, 0x18, 0x10, 0xf3, 
0xf4, 0xf4, 0x07, 0xdd, 0xf9, 0xca, 0x15, 0x17, 0xdd, 0xd7, 0xd7, 0x2a, 
0xff, 0xfd, 0xf8, 0xea, 0xef, 0xfc, 0x19, 0xee, 0x08, 0xd5, 0xd8, 0x1a, 
0x09, 0x0d, 0x2b, 0x00, 0x13, 0x30, 0x06, 0xd6, 0xf5, 0xf1, 0xf7, 0xd6, 
0xfd, 0xc1, 0xc7, 0xf9, 0xe9, 0xce, 0x0c, 0xf6, 0xe8, 0x22, 0xcd, 0xf5, 
0xf6, 0xe6, 0x23, 0x81, 0xfd, 0xea, 0xfd, 0xf7, 0xa5, 0xda, 0xca, 0x06, 
0xf7, 0xff, 0x0d, 0xcf, 0xe4, 0xc1, 0xfb, 0xca, 0x0d, 0xeb, 0xcd, 0x07, 
0xa5, 0x12, 0xec, 0x0d, 0x06, 0xaa, 0xed, 0xfe, 0x03, 0xc4, 0xfd, 0x02, 
0xd0, 0x91, 0xf1, 0xe2, 0xfe, 0x11, 0xdf, 0x09, 0x02, 0xee, 0x2d, 0x0e, 
0xc1, 0xe4, 0xf6, 0xc3, 0x1d, 0xaa, 0xf2, 0xf8, 0xd5, 0xd1, 0xf7, 0xdb, 
0x19, 0xf3, 0xdf, 0xd7, 0x04, 0x07, 0x17, 0x20, 0x06, 0xe2, 0xe2, 0xfb, 
0xa7, 0x1e, 0xff, 0xf4, 0x03, 0xcd, 0xeb, 0x15, 0x0c, 0xe7, 0x13, 0xff, 
0xc7, 0x81, 0x09, 0xfb, 0xe9, 0x1c, 0x2a, 0x35, 0xff, 0xee, 0x10, 0x03, 
0xca, 0xdc, 0xec, 0xdf, 0x11, 0xd8, 0xe8, 0xf4, 0xfa, 0xed, 0xfa, 0x02, 
0x0b, 0x08, 0xfc, 0x12, 0x06, 0xfb, 0x10, 0xf9, 0x03, 0xe6, 0xfb, 0x00, 
0xb3, 0x20, 0x09, 0x13, 0x17, 0xf8, 0xd1, 0x1f, 0x1f, 0x05, 0x17, 0x27, 
0xfa, 0xa1, 0xf9, 0x11, 0xca, 0x2b, 0x1a, 0x42, 0x12, 0xed, 0x2f, 0x0f, 
0xe7, 0xee, 0x05, 0xcf, 0xd7, 0xf9, 0xf3, 0xf4, 0xfb, 0x01, 0xf6, 0x0c, 
0x47, 0x14, 0x09, 0x3e, 0x06, 0xee, 0x04, 0xeb, 0xfd, 0x0c, 0x05, 0x07, 
0x08, 0xef, 0xd0, 0x00, 0x17, 0xf7, 0x07, 0x2c, 0xd3, 0x04, 0x20, 0x02, 
0x26, 0xfb, 0x81, 0xd0, 0xfb, 0xbb, 0xfc, 0xf1, 0x6b, 0xef, 0x01, 0xd2, 
0x93, 0xc9, 0xfb, 0x04, 0x0a, 0xf7, 0x1c, 0xed, 0x16, 0xf0, 0xf4, 0xd4, 
0x16, 0xe1, 0x1b, 0xcb, 0xe3, 0xf9, 0x10, 0x2f, 0xfd, 0xeb, 0xc1, 0xdb, 
0x14, 0x1c, 0xfe, 0xcd, 0x24, 0x13, 0x23, 0x17, 0x1a, 0x3b, 0xf0, 0x01, 
0x19, 0xda, 0xfe, 0xf0, 0x25, 0xe4, 0x12, 0xcf, 0x12, 0xff, 0xe7, 0x1d, 
0xbb, 0xd8, 0xf8, 0x0c, 0x16, 0xf7, 0xe9, 0xfe, 0x02, 0xf0, 0xe0, 0xf6, 
0x08, 0xfc, 0x00, 0xce, 0xdb, 0xfe, 0x18, 0xf8, 0xfd, 0x04, 0xde, 0xd7, 
0x03, 0x2c, 0xf8, 0xbd, 0xdc, 0x1c, 0x13, 0xdb, 0x21, 0x2d, 0xd2, 0xe4, 
0x0d, 0x0a, 0x20, 0xd4, 0x00, 0xfe, 0x1b, 0xbc, 0x8a, 0x3d, 0xb9, 0x02, 
0xf0, 0xd6, 0xe4, 0x20, 0xf0, 0xdc, 0xd3, 0xd3, 0x01, 0x02, 0x28, 0x0d, 
0xef, 0xed, 0x16, 0xde, 0xcb, 0xcf, 0xdb, 0x1a, 0x25, 0xff, 0xea, 0xcc, 
0x09, 0xfd, 0xf1, 0x33, 0x0f, 0xd2, 0x25, 0xfb, 0xed, 0xe0, 0x07, 0xa5, 
0x22, 0x0e, 0x11, 0xeb, 0x27, 0xd4, 0x0d, 0x03, 0xed, 0x4a, 0x17, 0xe4, 
0xed, 0x1f, 0xc8, 0xe9, 0x05, 0xcf, 0xa5, 0xd7, 0xd4, 0x27, 0xeb, 0xfc, 
0x28, 0xc3, 0x19, 0x20, 0xdb, 0x02, 0xfd, 0xe9, 0x0a, 0xfe, 0xeb, 0x22, 
0xa3, 0x16, 0x02, 0x16, 0x07, 0xc4, 0xf4, 0xfd, 0x0a, 0xe0, 0x22, 0xdc, 
0x14, 0x0f, 0xfd, 0x0a, 0x09, 0xf5, 0xeb, 0x04, 0x0f, 0x2f, 0x02, 0x0b, 
0xea, 0xfb, 0xdd, 0x07, 0xf9, 0xd4, 0xd2, 0xe0, 0xb1, 0xfb, 0x00, 0x08, 
0x1e, 0xcd, 0xf1, 0x26, 0x01, 0x17, 0x00, 0xde, 0x10, 0xef, 0x01, 0xff, 
0x81, 0xef, 0xc9, 0x36, 0xfb, 0xab, 0xe9, 0x08, 0xe6, 0xe1, 0x04, 0x11, 
0x25, 0x03, 0x14, 0xee, 0xe8, 0xfd, 0x0d, 0x10, 0x05, 0x29, 0x04, 0x0e, 
0xf0, 0xfa, 0xc8, 0xf2, 0x01, 0xdd, 0xd9, 0xb8, 0xc6, 0x03, 0xd7, 0x03, 
0xf9, 0xd5, 0xf3, 0x1e, 0x0b, 0x1e, 0x25, 0xfa, 0xf3, 0xa3, 0x02, 0xef, 
0x0d, 0x84, 0x3b, 0xa9, 0xf6, 0xb8, 0x24, 0xb0, 0xd3, 0xbb, 0x1c, 0xe1, 
0xef, 0xf8, 0xee, 0xf0, 0x3e, 0x04, 0xe9, 0x1f, 0x98, 0x16, 0x92, 0x1a, 
0x14, 0xea, 0x47, 0x0a, 0x08, 0x2c, 0x28, 0xfe, 0xf5, 0xc2, 0x30, 0xc7, 
0x08, 0xb9, 0xd1, 0xc4, 0xc3, 0xd4, 0xd9, 0xfa, 0x05, 0x19, 0xdc, 0x00, 
0x19, 0x81, 0x0a, 0xb2, 0xe8, 0xbe, 0x07, 0xe2, 0xe6, 0xa9, 0x2d, 0xd2, 
0xd1, 0xf5, 0x06, 0xe4, 0xf8, 0xf3, 0xe5, 0x02, 0xd1, 0x1b, 0xac, 0x03, 
0xed, 0xb9, 0x06, 0x3a, 0xdd, 0xe6, 0x13, 0x1f, 0xe7, 0xfd, 0xe1, 0x0b, 
0xf5, 0x9e, 0xff, 0xec, 0x00, 0xed, 0x99, 0xe2, 0x2d, 0xc9, 0xda, 0x23, 
0x47, 0x9a, 0x4b, 0xfb, 0x0f, 0x9b, 0xdf, 0xb0, 0xab, 0xa7, 0x5a, 0x3c, 
0x3e, 0x28, 0xf8, 0x18, 0x4b, 0x3c, 0x45, 0x34, 0x3f, 0x17, 0x96, 0x23, 
0x0c, 0x04, 0x1d, 0x15, 0x49, 0xd0, 0x07, 0x16, 0xd8, 0xb4, 0x23, 0x24, 
0x02, 0x79, 0xff, 0xf2, 0x44, 0x33, 0x14, 0x49, 0xf6, 0xdb, 0x11, 0x26, 
0x0d, 0x3b, 0xfc, 0x84, 0x1c, 0x06, 0xbc, 0x05, 0xec, 0x01, 0x4a, 0x29, 
0xf6, 0x0f, 0xe3, 0xb0, 0x04, 0x16, 0xd5, 0x29, 0xfa, 0xed, 0x06, 0x42, 
0xeb, 0x01, 0xc6, 0xde, 0x9d, 0xc8, 0xd2, 0x26, 0xfe, 0xe9, 0x3c, 0x0d, 
0x47, 0xda, 0x32, 0xed, 0xd0, 0xca, 0xed, 0xf5, 0xe0, 0xff, 0xf7, 0xe3, 
0xf7, 0x1b, 0xf5, 0xd0, 0x03, 0x06, 0xa9, 0xf7, 0xde, 0xfd, 0x15, 0x08, 
0x08, 0x27, 0xa6, 0xd1, 0xef, 0xfe, 0x07, 0x11, 0xf1, 0x02, 0xe4, 0x16, 
0x02, 0x05, 0xd7, 0xfa, 0xf8, 0xe2, 0xae, 0xf2, 0xe9, 0x12, 0x1f, 0xf2, 
0x0e, 0xf1, 0x01, 0xfd, 0x07, 0xed, 0xe0, 0x17, 0xc9, 0xd1, 0x00, 0x04, 
0xf4, 0xed, 0xf4, 0xe0, 0x09, 0xda, 0xbb, 0xf3, 0xca, 0x2f, 0x37, 0x00, 
0x0b, 0x14, 0x81, 0x08, 0xfb, 0x9a, 0x11, 0x14, 0xfd, 0xff, 0xd8, 0xcb, 
0x14, 0x00, 0xe7, 0xfb, 0x13, 0xf2, 0xd8, 0xe9, 0xb9, 0x1f, 0xea, 0x08, 
0xd9, 0x0b, 0x0d, 0xe6, 0x2c, 0xf9, 0xd9, 0x06, 0x8a, 0xab, 0x14, 0x16, 
0x25, 0xcc, 0xc5, 0x9c, 0xe1, 0xe6, 0xf4, 0xb1, 0xc2, 0xf8, 0x43, 0xcd, 
0x10, 0xda, 0x14, 0xbc, 0xf3, 0x9c, 0x0e, 0x81, 0xe0, 0x0a, 0xc9, 0xb9, 
0x09, 0xe9, 0xf6, 0x93, 0x04, 0xfc, 0xe4, 0xfd, 0xd8, 0x9b, 0x0e, 0xef, 
0xa6, 0xfe, 0xd4, 0xd5, 0xff, 0xd5, 0xb6, 0x1f, 0xed, 0x1f, 0xc0, 0xe0, 
0x07, 0xe4, 0xdc, 0xab, 0xdd, 0x0c, 0xd1, 0xd5, 0xed, 0xf9, 0x1b, 0xda, 
0x11, 0x25, 0xba, 0x0f, 0x13, 0xc9, 0xf2, 0xce, 0xd8, 0x14, 0xd5, 0xd7, 
0xe9, 0xca, 0x14, 0xbb, 0xef, 0x13, 0x06, 0x01, 0xd3, 0xb1, 0xf8, 0x0a, 
0xe7, 0x18, 0xbb, 0xb0, 0x0f, 0xea, 0xc6, 0x11, 0x08, 0x15, 0xe6, 0x25, 
0x19, 0x05, 0xf1, 0xdc, 0x02, 0x02, 0xe0, 0xe2, 0xfa, 0x11, 0x18, 0x28, 
0x3a, 0x1d, 0x1b, 0x09, 0x41, 0xe4, 0x1a, 0xfe, 0x34, 0x33, 0xd6, 0xea, 
0x27, 0x01, 0x0d, 0xb4, 0xdc, 0x0e, 0x08, 0x17, 0xd8, 0xca, 0x2c, 0x4f, 
0xff, 0x61, 0xcc, 0xb6, 0x45, 0xf4, 0xeb, 0x3c, 0x41, 0x11, 0x55, 0x1d, 
0xbc, 0x06, 0xde, 0xf3, 0x1d, 0xc6, 0xe7, 0x0a, 0xca, 0x08, 0x10, 0xf7, 
0xf3, 0x81, 0xed, 0xc2, 0xdf, 0xf8, 0x00, 0x09, 0x1c, 0xcd, 0xe5, 0xf8, 
0xf7, 0x09, 0x17, 0xe9, 0x16, 0xe4, 0xdf, 0xff, 0xf3, 0xd6, 0xc7, 0xe8, 
0x1f, 0x17, 0xce, 0xe4, 0x17, 0xf0, 0x1a, 0x08, 0xf3, 0xb8, 0x9c, 0xe7, 
0xba, 0x04, 0xd8, 0xeb, 0x13, 0xe3, 0xdc, 0x17, 0xea, 0x07, 0xff, 0x02, 
0x07, 0x95, 0xe4, 0xc3, 0xe3, 0xf9, 0xef, 0x28, 0x00, 0xe5, 0xda, 0x10, 
0xe7, 0x19, 0x3a, 0xdc, 0xd3, 0xf8, 0x01, 0x0f, 0x07, 0xe2, 0xb0, 0x03, 
0x19, 0xfc, 0xf4, 0x0d, 0x11, 0x08, 0x1b, 0xf6, 0x09, 0xdc, 0xd5, 0xea, 
0xcc, 0x1e, 0x28, 0xdb, 0x1e, 0x11, 0xe5, 0x12, 0x20, 0x3a, 0xf7, 0x08, 
0x12, 0xa5, 0x1a, 0xd7, 0xd5, 0x08, 0x0e, 0x31, 0x12, 0xf0, 0xf2, 0x0e, 
0xe8, 0x10, 0x0b, 0xf6, 0xeb, 0xef, 0x04, 0x19, 0x08, 0xfb, 0xab, 0x26, 
0x25, 0x26, 0x14, 0x02, 0x25, 0xec, 0x13, 0xfd, 0x1a, 0x12, 0xe9, 0xef, 
0x1a, 0xec, 0xd8, 0xef, 0x25, 0xf0, 0xb7, 0xd7, 0xb9, 0xfa, 0xfe, 0x06, 
0x17, 0x14, 0xa5, 0x31, 0xdf, 0xeb, 0x29, 0x32, 0xdc, 0xec, 0xf5, 0x06, 
0x25, 0xe6, 0xf2, 0x23, 0x16, 0x9c, 0x02, 0xd7, 0x1e, 0x2a, 0x02, 0x1e, 
0x2b, 0xad, 0x94, 0xf8, 0x4b, 0xc2, 0x32, 0x21, 0xaf, 0xa7, 0x92, 0x84, 
0xf9, 0x03, 0xeb, 0xc7, 0x2a, 0xd6, 0xa7, 0xdd, 0xd9, 0x0a, 0xe3, 0xc9, 
0xf3, 0x1b, 0xe0, 0x0c, 0xec, 0x08, 0x0c, 0x2a, 0xd9, 0x29, 0x0f, 0x20, 
0x2d, 0xf0, 0xf8, 0x20, 0xf1, 0x8d, 0xf5, 0xaf, 0x35, 0xeb, 0x15, 0x1d, 
0x1a, 0xd8, 0xeb, 0xed, 0x23, 0xdc, 0x0a, 0x08, 0xa4, 0xb0, 0x9c, 0xfd, 
0xd5, 0xdb, 0x23, 0x14, 0x24, 0x0a, 0xad, 0xe9, 0xe8, 0x5c, 0xf9, 0xa9, 
0x25, 0x0d, 0xd2, 0x24, 0xef, 0x1f, 0x39, 0x1b, 0xee, 0x31, 0x2f, 0x44, 
0xfd, 0x33, 0x12, 0xf6, 0x2b, 0x81, 0xe0, 0x9b, 0x1d, 0xe8, 0x1b, 0x24, 
0x32, 0xfa, 0x21, 0x53, 0x3d, 0x22, 0x21, 0xe4, 0x9f, 0xd2, 0x94, 0x64, 
0x1c, 0x2c, 0xf2, 0xf9, 0x00, 0xfe, 0xe7, 0x49, 0x1a, 0x14, 0x81, 0xfb, 
0xfc, 0xdc, 0x04, 0x15, 0x41, 0x0c, 0xd2, 0x08, 0xd9, 0x1a, 0xd4, 0x24, 
0xb1, 0xb0, 0x2e, 0x15, 0x26, 0xab, 0xf8, 0x37, 0x12, 0xbf, 0xef, 0x1f, 
0xe7, 0xc9, 0xf1, 0xe8, 0xec, 0x22, 0x1f, 0x00, 0xd9, 0x07, 0x1e, 0xce, 
0xfc, 0xff, 0xeb, 0xe9, 0xee, 0xf0, 0xbb, 0x01, 0xea, 0x0c, 0x0a, 0x2b, 
0xdb, 0x91, 0xf5, 0x21, 0x1b, 0x1b, 0xa3, 0x35, 0xd9, 0x04, 0x1a, 0x24, 
0xe1, 0xea, 0x05, 0x01, 0xea, 0xd6, 0x90, 0x14, 0xfe, 0xf5, 0x0c, 0x31, 
0x3b, 0xe0, 0xfa, 0xc4, 0x00, 0x20, 0xd7, 0x0d, 0xe7, 0x1e, 0xf4, 0xfe, 
0xce, 0xf3, 0x09, 0xb7, 0x0f, 0x0e, 0x8a, 0xb1, 0xc9, 0x09, 0x20, 0x14, 
0x04, 0xc2, 0xe5, 0xd0, 0x2d, 0x19, 0xc7, 0x28, 0x07, 0x2a, 0x0f, 0xfb, 
0xfa, 0x21, 0xf2, 0x0c, 0xc6, 0xf7, 0xa7, 0xc4, 0xe2, 0xfe, 0x1d, 0x26, 
0x26, 0x1e, 0x07, 0xcc, 0x3c, 0xe1, 0xc4, 0x1c, 0xd7, 0x0b, 0x0f, 0x19, 
0xfc, 0xd6, 0x0a, 0xc9, 0xf9, 0xb4, 0xfb, 0xf9, 0x0c, 0xf4, 0x12, 0xc7, 
0x1b, 0x0b, 0xf6, 0xf6, 0x17, 0xf7, 0xdf, 0x0d, 0xfa, 0x2e, 0x2e, 0x19, 
0x09, 0xf2, 0x99, 0xf2, 0xd5, 0xfa, 0xfb, 0x09, 0xbb, 0x21, 0x13, 0xd0, 
0x3f, 0x06, 0x0a, 0xfa, 0x20, 0x2c, 0x12, 0xe4, 0x2a, 0xfb, 0x04, 0xd7, 
0xf2, 0xe6, 0xf7, 0xf6, 0xfd, 0x98, 0x14, 0x0b, 0x09, 0xea, 0x03, 0xab, 
0xff, 0xe5, 0xf2, 0xe3, 0x00, 0xf8, 0xda, 0xf9, 0x0b, 0x05, 0xe5, 0xff, 
0x11, 0xda, 0x94, 0xf3, 0xff, 0xfe, 0xe1, 0x10, 0xec, 0x13, 0xf2, 0xf5, 
0x12, 0x05, 0x1b, 0x17, 0xf1, 0x14, 0x22, 0xf4, 0xf0, 0x05, 0xf8, 0xe0, 
0xe2, 0xc2, 0xda, 0x11, 0xfc, 0x81, 0x19, 0x14, 0x36, 0xd4, 0x12, 0xda, 
0x16, 0xdc, 0xea, 0xd0, 0xe1, 0xed, 0xba, 0x15, 0x0a, 0xfa, 0xdd, 0xe3, 
0x00, 0x09, 0x82, 0xdc, 0xfe, 0x06, 0xc5, 0x1a, 0x08, 0xf8, 0x15, 0x25, 
0x11, 0x04, 0x25, 0x2a, 0xf7, 0x17, 0x0e, 0x1c, 0xf2, 0x08, 0xea, 0xef, 
0xf2, 0x11, 0x02, 0x0e, 0x2c, 0xfb, 0xc0, 0x12, 0xfb, 0x13, 0x18, 0x15, 
0x03, 0xdd, 0x05, 0x22, 0x27, 0xf3, 0x3e, 0xbd, 0x13, 0x22, 0x1a, 0x0e, 
0x0e, 0x0e, 0xf8, 0xe6, 0x04, 0xe0, 0x26, 0x1c, 0x33, 0xf4, 0x19, 0x2a, 
0x17, 0x13, 0x0a, 0x30, 0x33, 0x0d, 0x20, 0x0d, 0x1b, 0x01, 0x14, 0x0b, 
0xfa, 0xf0, 0xeb, 0x04, 0x26, 0xd0, 0x91, 0xfd, 0xf4, 0x14, 0x00, 0xf4, 
0xfd, 0xdc, 0x03, 0xe7, 0x1b, 0xf8, 0x01, 0xd3, 0x05, 0x12, 0xfd, 0x05, 
0xf6, 0xf8, 0xed, 0xf1, 0xe1, 0xdc, 0x02, 0xe4, 0xee, 0xe9, 0xf4, 0x24, 
0xfa, 0x00, 0xe5, 0x04, 0x07, 0xff, 0x11, 0x1c, 0xe7, 0xe4, 0x0a, 0x0a, 
0xda, 0x19, 0xc4, 0xbc, 0x18, 0xc7, 0x81, 0xfe, 0xfc, 0x46, 0xe8, 0x08, 
0xfd, 0xe1, 0xf6, 0x07, 0xe1, 0x0e, 0xba, 0xda, 0xe7, 0x04, 0xf2, 0x38, 
0xbd, 0x1a, 0x1a, 0x04, 0xf7, 0xf1, 0xfa, 0xf7, 0x02, 0x14, 0xfc, 0x0a, 
0x3d, 0xdd, 0xe6, 0x1d, 0x26, 0xf4, 0xeb, 0xf4, 0xf4, 0xe5, 0x02, 0x33, 
0x08, 0xd6, 0x00, 0x02, 0x0d, 0x13, 0xea, 0x06, 0xb4, 0xe9, 0x24, 0x04, 
0xe8, 0x08, 0xba, 0x00, 0xe6, 0x81, 0x06, 0x1c, 0x18, 0xd9, 0xd8, 0x91, 
0x24, 0xed, 0xf7, 0x02, 0x2a, 0xee, 0x0e, 0x10, 0xe4, 0x08, 0xb2, 0xea, 
0xbb, 0xe1, 0x1c, 0x21, 0x2d, 0x36, 0x26, 0xd1, 0xf3, 0xb0, 0xb4, 0x1c, 
0x24, 0x0c, 0xe5, 0xf2, 0xf3, 0x01, 0xf0, 0x05, 0xaf, 0xf0, 0x36, 0x13, 
0xf4, 0x13, 0xc8, 0xef, 0x39, 0xea, 0xf5, 0x0a, 0x1f, 0x28, 0xcc, 0xcd, 
0x26, 0xfc, 0xf7, 0xed, 0x23, 0x06, 0xfd, 0x14, 0xe3, 0xf6, 0xf6, 0xfd, 
0xf0, 0x13, 0x03, 0xfc, 0x15, 0x1a, 0x22, 0x01, 0x01, 0xcd, 0xa1, 0x1f, 
0xf8, 0x09, 0x95, 0x16, 0xf2, 0xfa, 0x07, 0xf9, 0xb1, 0xda, 0xf3, 0x32, 
0xd2, 0xd5, 0xc2, 0xba, 0x13, 0x47, 0xfc, 0xaa, 0xfd, 0x12, 0xc8, 0xbe, 
0x4d, 0xe0, 0x1a, 0xd3, 0xe9, 0x0f, 0x01, 0x10, 0xa2, 0xbf, 0x1f, 0x43, 
0xd0, 0x03, 0xf5, 0xec, 0x1f, 0xd4, 0x0a, 0xb5, 0xe2, 0x07, 0xa7, 0x1b, 
0xf0, 0xf1, 0xe6, 0xf9, 0x31, 0x0e, 0x16, 0xfa, 0x36, 0xed, 0xc1, 0x42, 
0x27, 0x04, 0xfd, 0xf4, 0x3c, 0xf2, 0xd6, 0x0d, 0x16, 0x13, 0x23, 0x12, 
0x9d, 0xcb, 0x13, 0x32, 0xe1, 0x13, 0xf4, 0x40, 0x00, 0xd6, 0x81, 0x16, 
0xcd, 0xfe, 0x16, 0x18, 0x11, 0x0f, 0x25, 0x05, 0x10, 0xd3, 0x1c, 0x08, 
0x09, 0x03, 0xfe, 0x0c, 0x2c, 0xe0, 0xfb, 0x1f, 0x16, 0xf6, 0x33, 0xf1, 
0xd1, 0xf3, 0x0d, 0xf0, 0x27, 0xfe, 0xe8, 0xf0, 0x66, 0x02, 0xe6, 0x1f, 
0x8c, 0xfb, 0xf9, 0xfc, 0x12, 0x2d, 0xe5, 0x12, 0xca, 0xd3, 0xa8, 0xd9, 
0xe3, 0x01, 0xe8, 0x11, 0xfb, 0x0e, 0x0a, 0xee, 0xce, 0xfb, 0xe3, 0xb2, 
0x1f, 0xdb, 0xf6, 0xda, 0x03, 0xed, 0x08, 0xe5, 0x2d, 0x36, 0xe8, 0xcf, 
0x9a, 0x00, 0x32, 0xee, 0x0f, 0x0e, 0xdd, 0x11, 0xd7, 0xef, 0xe8, 0x21, 
0xaf, 0xe3, 0xbd, 0x26, 0x18, 0x04, 0xc0, 0x02, 0xc6, 0xc0, 0xf2, 0xe7, 
0x23, 0xd1, 0xd4, 0xf1, 0xd0, 0x20, 0xe9, 0xd6, 0xd1, 0x22, 0xd2, 0xf6, 
0x09, 0xea, 0xde, 0x9e, 0xc9, 0xdc, 0xe0, 0xe6, 0xf7, 0xee, 0x04, 0x2b, 
0x19, 0xe5, 0xfb, 0x09, 0xe7, 0xfe, 0xed, 0x94, 0x18, 0x01, 0x47, 0xef, 
0xce, 0x8f, 0xe4, 0xe1, 0x2b, 0x1d, 0xd0, 0xf2, 0x11, 0x01, 0x09, 0x15, 
0x28, 0x1e, 0x1f, 0xac, 0xdc, 0x25, 0x10, 0x35, 0x14, 0x15, 0xc8, 0xf7, 
0xf9, 0xe8, 0x1a, 0x81, 0x27, 0x23, 0x08, 0xa2, 0x0e, 0x1a, 0xd9, 0xff, 
0xe9, 0x03, 0x1f, 0xc4, 0x37, 0x12, 0x22, 0xef, 0x07, 0x24, 0xd8, 0x00, 
0xf3, 0x0e, 0xf2, 0xcd, 0x22, 0xfe, 0xab, 0xc3, 0xcc, 0xcb, 0x0a, 0x29, 
0xe9, 0x0f, 0xf3, 0xaa, 0xd1, 0x00, 0x01, 0x06, 0x10, 0x0f, 0xe0, 0x32, 
0x26, 0xe3, 0x17, 0xe1, 0x36, 0x01, 0x11, 0x23, 0x04, 0xda, 0xeb, 0xda, 
0x0e, 0x18, 0x16, 0xb2, 0x43, 0xe8, 0x1c, 0x24, 0xed, 0x1d, 0xee, 0xf6, 
0x03, 0x1a, 0xfe, 0xda, 0x15, 0xdf, 0xb5, 0x2d, 0xd1, 0x86, 0x0b, 0x26, 
0xe7, 0xf5, 0xe4, 0xb5, 0xe5, 0x07, 0xf1, 0xfa, 0xe5, 0x08, 0xc4, 0x07, 
0x1f, 0xf2, 0xf7, 0xeb, 0x1c, 0xd7, 0xb8, 0xf8, 0xd7, 0xd4, 0x00, 0x03, 
0xe9, 0xfa, 0x1f, 0xe3, 0xee, 0x0b, 0xab, 0xe4, 0xff, 0x16, 0x0b, 0xcb, 
0xf1, 0xf4, 0x14, 0xd8, 0x25, 0xd6, 0xe6, 0x36, 0xe2, 0x04, 0xcb, 0xd8, 
0xf9, 0xdb, 0x90, 0x17, 0x10, 0x01, 0x29, 0x25, 0x9b, 0x0c, 0x81, 0xfc, 
0x27, 0xf4, 0xfb, 0xe1, 0x0f, 0xd9, 0xbf, 0xf5, 0xee, 0xc7, 0xee, 0x02, 
0xd7, 0xe9, 0xe0, 0x02, 0xf2, 0x24, 0xdd, 0xd1, 0xec, 0xfe, 0xf9, 0xe5, 
0xea, 0xd5, 0xe5, 0x14, 0x1e, 0xc7, 0xe7, 0x1f, 0x05, 0xd7, 0xbb, 0xfa, 
0x18, 0xd8, 0xdd, 0x06, 0xfe, 0x1e, 0x04, 0xf0, 0xf2, 0xde, 0x99, 0x0c, 
0x13, 0xf8, 0x07, 0xfd, 0x10, 0xdb, 0xb7, 0xf3, 0x10, 0xf7, 0x0a, 0x4e, 
0xf9, 0xf9, 0xdb, 0xf9, 0xcf, 0x23, 0x04, 0xfc, 0xfa, 0x0d, 0x17, 0xfc, 
0xe8, 0xd8, 0x10, 0x2d, 0x22, 0xa0, 0xf0, 0x27, 0x1b, 0xcc, 0xa5, 0x2a, 
0x14, 0x5c, 0xf6, 0x09, 0xff, 0x14, 0x39, 0xfa, 0x17, 0xcd, 0xab, 0x75, 
0x0f, 0x04, 0x04, 0x2f, 0x4a, 0x0d, 0xe1, 0xfc, 0x0e, 0x06, 0x1b, 0xe1, 
0x9d, 0xdb, 0xf9, 0x8e, 0xed, 0xf6, 0x06, 0xed, 0x00, 0x0f, 0xe8, 0xd5, 
0x54, 0x12, 0x1c, 0xba, 0x44, 0x2b, 0x45, 0x22, 0x08, 0x11, 0xd9, 0xf7, 
0x1b, 0x12, 0x2e, 0xef, 0x13, 0xef, 0xf9, 0x43, 0xe5, 0x1f, 0x18, 0x26, 
0x0a, 0xe2, 0x04, 0xef, 0x11, 0xf8, 0xa2, 0xee, 0xeb, 0x1a, 0x0f, 0xd8, 
0x90, 0xdd, 0xe9, 0xa0, 0xdc, 0xeb, 0xeb, 0x09, 0xfd, 0xd0, 0xfc, 0xbf, 
0x55, 0x08, 0xff, 0xc5, 0x10, 0xcd, 0x16, 0x06, 0x0b, 0x31, 0xf1, 0xf4, 
0x17, 0x1b, 0xcf, 0xf3, 0x15, 0x03, 0xf8, 0x1f, 0xac, 0x23, 0xea, 0x2c, 
0xf2, 0x21, 0x1f, 0xed, 0xd7, 0xf2, 0x81, 0xee, 0xfc, 0x22, 0x2e, 0xde, 
0x9f, 0xf3, 0xe5, 0xe7, 0x05, 0xd6, 0xe9, 0xf4, 0x3d, 0xb6, 0x33, 0xe1, 
0xfd, 0xfe, 0xfb, 0xe5, 0xe7, 0xc5, 0x07, 0x16, 0xf8, 0x03, 0xfd, 0xe0, 
0x38, 0xf4, 0xbf, 0xeb, 0x03, 0xf8, 0xe9, 0x57, 0xa8, 0x0e, 0x04, 0x17, 
0x41, 0x11, 0x13, 0x16, 0xf5, 0x0c, 0xfd, 0xe3, 0x04, 0xc7, 0x2f, 0x16, 
0x0a, 0x11, 0xcb, 0xf6, 0x3a, 0xac, 0x26, 0xfd, 0xda, 0xf6, 0x2b, 0x05, 
0x1e, 0x14, 0xd4, 0xf1, 0xa3, 0xec, 0xcb, 0xe4, 0xc7, 0x9b, 0xad, 0xce, 
0x4a, 0xf7, 0x04, 0xf3, 0x02, 0xb5, 0x18, 0x31, 0x1e, 0xd1, 0xcd, 0xe4, 
0x3b, 0x40, 0x27, 0xf2, 0xe5, 0xed, 0xf4, 0xeb, 0xe8, 0x0b, 0xdc, 0xed, 
0x28, 0x00, 0xe1, 0x14, 0x35, 0xce, 0x21, 0x0b, 0xf2, 0xe4, 0x5b, 0x15, 
0x0c, 0xdd, 0xce, 0xee, 0xb5, 0x03, 0xba, 0xfa, 0xbf, 0xa8, 0xe1, 0xb1, 
0x10, 0xfe, 0xfe, 0x3a, 0x0e, 0x1a, 0xfc, 0x18, 0xe4, 0xc8, 0x2f, 0xf2, 
0x02, 0x15, 0x2d, 0x0d, 0xd3, 0xc1, 0x04, 0xf2, 0xe2, 0xdb, 0x38, 0xc7, 
0x1b, 0xed, 0x22, 0xed, 0x1a, 0xcf, 0x12, 0x1e, 0x3e, 0x0a, 0x2d, 0xf4, 
0x06, 0x0e, 0x81, 0xcf, 0xe2, 0x1c, 0x88, 0x24, 0x88, 0x09, 0xb4, 0xc6, 
0x08, 0xfc, 0x08, 0x18, 0xec, 0x42, 0xdf, 0x09, 0xeb, 0x85, 0x11, 0x0f, 
0x40, 0x08, 0x0f, 0x04, 0x32, 0xb3, 0xe6, 0x0e, 0xdb, 0xe4, 0xf2, 0xff, 
0x68, 0xdc, 0x1a, 0x26, 0x11, 0x1b, 0xd0, 0x02, 0x5f, 0x2d, 0xef, 0xb3, 
0xf3, 0x03, 0x37, 0xdf, 0xec, 0x09, 0xfe, 0x00, 0x98, 0x51, 0xf0, 0xe5, 
0x3b, 0xb9, 0x0f, 0x4c, 0xff, 0xff, 0xca, 0x2b, 0x26, 0x93, 0x0f, 0x1e, 
0x0d, 0xe1, 0xeb, 0xd6, 0x37, 0xb9, 0xed, 0xec, 0xd6, 0xb0, 0xd5, 0x19, 
0x2c, 0xaa, 0x36, 0x0e, 0x03, 0x11, 0xbc, 0x05, 0xcc, 0xf1, 0xe4, 0xc3, 
0x0f, 0xf4, 0x05, 0x29, 0x01, 0xdd, 0x11, 0xf8, 0xda, 0x38, 0xd1, 0x19, 
0x2e, 0xa4, 0x12, 0x0f, 0xf5, 0x15, 0xab, 0x26, 0xf3, 0xdf, 0xf5, 0x07, 
0xeb, 0xd2, 0xd4, 0x0b, 0x39, 0xc5, 0x00, 0xe3, 0xcc, 0x81, 0xc8, 0x1c, 
0xfd, 0xa7, 0x0b, 0xf9, 0xd2, 0x34, 0x9f, 0xf2, 0xc6, 0xd5, 0x00, 0xc5, 
0x03, 0xe3, 0x0b, 0x17, 0xec, 0xd5, 0x0b, 0x11, 0x0c, 0x22, 0xef, 0x13, 
0x1e, 0xa5, 0x48, 0x1a, 0x13, 0xf7, 0xa8, 0x29, 0xf7, 0x06, 0xc3, 0xfa, 
0x12, 0x32, 0x10, 0xda, 0x57, 0x0e, 0xc8, 0xf9, 0xdd, 0xfc, 0x28, 0x2e, 
0xdc, 0xd2, 0x11, 0x32, 0xfe, 0x36, 0x1d, 0x07, 0x25, 0x0e, 0x44, 0x19, 
0xe2, 0x5a, 0xcd, 0xfe, 0xcb, 0x03, 0xec, 0xff, 0xd1, 0xf2, 0xf8, 0x21, 
0x07, 0x16, 0x81, 0x86, 0x2b, 0xd6, 0x22, 0xf5, 0xff, 0xac, 0x9e, 0xef, 
0x10, 0x2b, 0xdd, 0xe6, 0x21, 0x0c, 0xe8, 0xfd, 0x17, 0x04, 0x05, 0x03, 
0xf5, 0xc9, 0x10, 0x1b, 0xea, 0xdc, 0x2f, 0xd7, 0xdb, 0x1b, 0xeb, 0xf3, 
0xf9, 0xd8, 0xeb, 0x01, 0xbe, 0x07, 0xd2, 0xe1, 0xd3, 0xf5, 0x16, 0xdb, 
0x02, 0xfc, 0x9a, 0x97, 0xfd, 0x00, 0xcd, 0xeb, 0x19, 0xe4, 0xb5, 0xfa, 
0x01, 0x28, 0x16, 0xea, 0x29, 0xfd, 0xd7, 0xdb, 0xe1, 0x09, 0x45, 0xf5, 
0x04, 0xc5, 0x00, 0x17, 0xe5, 0xf0, 0x34, 0xfd, 0x1b, 0x01, 0x12, 0x00, 
0x1f, 0x16, 0xd7, 0x09, 0xad, 0x13, 0xea, 0xe9, 0xbd, 0xf2, 0x16, 0x38, 
0xe0, 0x14, 0x9f, 0xba, 0xf0, 0xce, 0x34, 0x17, 0xff, 0xef, 0xa5, 0x16, 
0x08, 0x09, 0x39, 0x0c, 0x5d, 0x07, 0xeb, 0x26, 0x39, 0x38, 0x00, 0x3c, 
0x25, 0xec, 0x04, 0x34, 0x09, 0xc1, 0xff, 0x4b, 0x66, 0x04, 0x25, 0x25, 
0xe0, 0xe8, 0x11, 0x27, 0x3e, 0x12, 0x2c, 0x50, 0xff, 0xc4, 0xcd, 0x46, 
0xfc, 0xc1, 0x52, 0x14, 0x09, 0x96, 0x4a, 0xaa, 0x81, 0xdf, 0x15, 0xe7, 
0x24, 0xff, 0xee, 0xac, 0xb4, 0x00, 0x01, 0x18, 0x02, 0xff, 0xc0, 0xb7, 
0xde, 0x04, 0x1e, 0xff, 0x17, 0xef, 0xea, 0xef, 0xc7, 0x25, 0x23, 0x19, 
0xd1, 0xcb, 0xce, 0x1e, 0x3e, 0x08, 0xfc, 0xf7, 0xcb, 0xe0, 0xbd, 0x27, 
0xd2, 0xed, 0xfd, 0xf6, 0xca, 0xd3, 0xf7, 0xf6, 0x87, 0xe4, 0xfe, 0x27, 
0x03, 0xd3, 0xe4, 0x9e, 0xaa, 0xe9, 0x1b, 0xbc, 0xe7, 0xb8, 0xbc, 0xd0, 
0xd6, 0x13, 0xd7, 0xb8, 0x14, 0xdc, 0xf7, 0xf7, 0xcb, 0x2e, 0x13, 0xf8, 
0xbf, 0xbf, 0xa6, 0xf1, 0xfa, 0xeb, 0xfa, 0xe1, 0xee, 0xeb, 0xcf, 0x34, 
0xca, 0xec, 0xfc, 0xba, 0xa6, 0x21, 0xd7, 0xe6, 0xde, 0x17, 0xb3, 0x46, 
0x37, 0xd7, 0x05, 0x17, 0x00, 0xf8, 0x01, 0x83, 0xfa, 0xf9, 0x0a, 0x13, 
0xc9, 0x85, 0xf8, 0xd5, 0x30, 0x0d, 0x2e, 0x00, 0xe8, 0x33, 0x13, 0x32, 
0x11, 0xb3, 0x82, 0xe9, 0x04, 0xf0, 0xea, 0x32, 0xea, 0x03, 0x14, 0xf3, 
0x2c, 0x07, 0x09, 0xf0, 0x05, 0xa7, 0x04, 0x2f, 0xd2, 0x0b, 0xf4, 0x03, 
0x27, 0xe1, 0x05, 0xfa, 0x26, 0x03, 0xfc, 0x94, 0x09, 0x03, 0x1f, 0x05, 
0xe6, 0xdb, 0xe9, 0xbd, 0xce, 0x0b, 0x12, 0x02, 0x06, 0x17, 0xeb, 0x11, 
0xf4, 0xf7, 0x9e, 0xf9, 0x05, 0xed, 0x0e, 0x02, 0xed, 0x11, 0xea, 0x01, 
0x1c, 0x03, 0x03, 0xe9, 0x2e, 0xb6, 0x28, 0x00, 0x9e, 0x07, 0x04, 0x23, 
0xea, 0xbc, 0xe6, 0x0f, 0x0e, 0xf7, 0xdd, 0xf5, 0xf3, 0x15, 0x01, 0x37, 
0x05, 0x1b, 0x13, 0x0f, 0xe2, 0x3d, 0x02, 0xee, 0x13, 0xf4, 0xfb, 0x0a, 
0xf3, 0xe4, 0xe9, 0x28, 0x20, 0xf0, 0x08, 0xcc, 0xdb, 0x0c, 0xc1, 0xf2, 
0x22, 0xfb, 0x11, 0xe4, 0x26, 0xbe, 0x2c, 0x1f, 0x81, 0xec, 0x02, 0xf3, 
0xea, 0x0b, 0x10, 0x3d, 0xec, 0xe6, 0xd9, 0xe1, 0x05, 0x13, 0x09, 0xe5, 
0x01, 0x01, 0xc9, 0xc2, 0x47, 0x17, 0x14, 0xba, 0xdc, 0x36, 0xff, 0x15, 
0x25, 0xea, 0xb6, 0xcb, 0xff, 0xe4, 0xcd, 0x3b, 0x1e, 0x29, 0xdb, 0xf0, 
0xd6, 0xe2, 0xf1, 0x28, 0x3b, 0x0f, 0x08, 0x81, 0xcc, 0x25, 0x22, 0x2d, 
0xc1, 0xdd, 0x0b, 0xfe, 0xf2, 0xb3, 0xee, 0xe1, 0x08, 0xfe, 0x15, 0xee, 
0x0e, 0xef, 0xfc, 0xdd, 0x1e, 0x23, 0xfc, 0xc6, 0xe4, 0x18, 0xed, 0xea, 
0x0d, 0xf4, 0xe0, 0x02, 0xfc, 0xeb, 0x04, 0xef, 0x10, 0x0b, 0x0e, 0xf2, 
0xbc, 0xc4, 0xf6, 0x08, 0x18, 0x26, 0xf2, 0xa8, 0xa1, 0xf3, 0xfe, 0xff, 
0xb2, 0xcc, 0xf1, 0xe7, 0x01, 0xcf, 0xfb, 0xde, 0xfa, 0x14, 0x23, 0x02, 
0xf3, 0xb5, 0xcb, 0x0c, 0xf8, 0x2d, 0x36, 0xcf, 0xda, 0x4d, 0x13, 0xef, 
0xea, 0xef, 0xe8, 0x07, 0x0e, 0xee, 0x08, 0x09, 0x14, 0xfd, 0x10, 0xf1, 
0xc6, 0xac, 0x20, 0x13, 0xf3, 0x1c, 0x0e, 0xe0, 0x98, 0xde, 0xf3, 0xed, 
0xe8, 0x13, 0xe9, 0x11, 0x19, 0xf8, 0xfb, 0xd2, 0x14, 0x08, 0x13, 0x17, 
0x09, 0xc4, 0x1a, 0x22, 0x03, 0xf8, 0xa0, 0x37, 0xb4, 0x03, 0xe2, 0x11, 
0x00, 0xf9, 0x01, 0x00, 0xdf, 0xfa, 0xcd, 0xfe, 0xf0, 0xff, 0xf4, 0x5e, 
0x04, 0xf4, 0x0d, 0xe7, 0x17, 0x02, 0x11, 0xf2, 0x27, 0xe2, 0xff, 0x17, 
0xfb, 0x1c, 0xf0, 0xf3, 0x14, 0x00, 0x15, 0xdc, 0xfe, 0xf4, 0xf9, 0x0f, 
0xdc, 0xe0, 0x1a, 0x00, 0x0c, 0x02, 0x96, 0x0b, 0xec, 0xf6, 0xd2, 0x12, 
0x00, 0x0a, 0xda, 0xec, 0xd0, 0xe7, 0xd8, 0x04, 0x02, 0xfb, 0x02, 0x2a, 
0x06, 0xd5, 0x08, 0x04, 0x18, 0xd6, 0x1c, 0xff, 0x11, 0xef, 0x0a, 0xf4, 
0x12, 0x1a, 0xf9, 0xca, 0x0e, 0x0a, 0xe8, 0xfb, 0x11, 0x06, 0xf5, 0x12, 
0x07, 0x08, 0xd9, 0xd5, 0x13, 0x20, 0x81, 0xed, 0xfb, 0xe5, 0x17, 0x09, 
0x06, 0x17, 0xdd, 0x10, 0xe3, 0xce, 0xda, 0x08, 0x17, 0x07, 0x11, 0x0d, 
0x29, 0xc3, 0xf5, 0xec, 0x0e, 0xdd, 0x11, 0x13, 0x08, 0xf9, 0xff, 0xd8, 
0xe1, 0x07, 0xff, 0x24, 0xcf, 0x02, 0xd6, 0x1d, 0x1b, 0xfc, 0x29, 0x18, 
0x12, 0xdc, 0x09, 0x23, 0x1b, 0x34, 0x23, 0x0d, 0x38, 0x26, 0xf0, 0x3c, 
0x1a, 0x12, 0x04, 0xd5, 0x14, 0x12, 0xd2, 0x11, 0x19, 0x0d, 0x83, 0xf8, 
0x36, 0x26, 0x2c, 0xbb, 0x1d, 0xe1, 0x30, 0xfe, 0xcf, 0xe9, 0x2c, 0xfb, 
0xc0, 0xe2, 0xf0, 0x0b, 0xf7, 0x09, 0xdb, 0xe5, 0x0e, 0x08, 0x1b, 0xf9, 
0x11, 0xf1, 0x0e, 0xf7, 0x12, 0x13, 0x03, 0xe4, 0xe5, 0xf2, 0xf9, 0xfc, 
0xff, 0x02, 0x24, 0xfd, 0xe7, 0xf4, 0xd8, 0x04, 0xf0, 0xfd, 0x81, 0xf2, 
0x08, 0x06, 0x09, 0xf5, 0x21, 0xee, 0xf5, 0xf3, 0x18, 0xa3, 0x24, 0xca, 
0xec, 0xd6, 0xea, 0xed, 0xe3, 0x01, 0xe4, 0x0e, 0x12, 0x0c, 0x04, 0xca, 
0x08, 0xc9, 0xf8, 0xd0, 0x08, 0xb5, 0x15, 0xed, 0xe1, 0xdd, 0x02, 0xfd, 
0x0c, 0xdd, 0x17, 0xfd, 0xfc, 0x02, 0xe5, 0x0b, 0xe0, 0xf3, 0x98, 0xec, 
0xbb, 0x06, 0xfa, 0xef, 0x18, 0xd3, 0x1d, 0xdf, 0x31, 0xb3, 0xf1, 0xc5, 
0xe1, 0xf6, 0xe2, 0xef, 0xe6, 0xea, 0xfc, 0xf0, 0x1f, 0xe9, 0x06, 0xf4, 
0x17, 0xfb, 0x0c, 0x00, 0x07, 0xdf, 0xc0, 0xec, 0xde, 0x22, 0x29, 0xcd, 
0xff, 0x09, 0xd5, 0x15, 0xb7, 0xc6, 0xc8, 0x23, 0xe1, 0xd0, 0x22, 0x19, 
0xd5, 0x17, 0x06, 0xcc, 0xe4, 0x18, 0xfc, 0x17, 0xee, 0x81, 0xb6, 0x08, 
0xf8, 0xfb, 0xc5, 0xe0, 0x1c, 0xf4, 0x0d, 0xfd, 0x19, 0x10, 0x0d, 0xe2, 
0x08, 0xfb, 0xe7, 0xd9, 0x15, 0xd2, 0xe0, 0xf2, 0x10, 0x39, 0x12, 0xfa, 
0x08, 0x0c, 0xf5, 0x07, 0xf1, 0xc2, 0xf2, 0x30, 0xfe, 0xf2, 0x1b, 0x03, 
0xd0, 0x02, 0x14, 0xdc, 0x0f, 0xfe, 0x0e, 0x3c, 0xf6, 0xb2, 0xcd, 0x06, 
0x09, 0x10, 0xbd, 0xdc, 0x17, 0x08, 0x03, 0x20, 0x20, 0x4f, 0x12, 0xc9, 
0xfd, 0x02, 0x16, 0x0f, 0x0f, 0xc0, 0x02, 0xf0, 0x09, 0x49, 0x20, 0x00, 
0xf8, 0x31, 0xf8, 0xdb, 0x00, 0xa5, 0x05, 0x02, 0xee, 0xf9, 0x0d, 0x06, 
0xcb, 0xdf, 0x33, 0xff, 0xf9, 0xf2, 0x16, 0xd3, 0xea, 0xdc, 0xf2, 0x23, 
0x21, 0x2e, 0x11, 0xf2, 0x31, 0x37, 0xe8, 0xfd, 0x17, 0xfb, 0x04, 0x3c, 
0x3d, 0x01, 0xca, 0x0f, 0x23, 0x1d, 0x08, 0xe0, 0x0d, 0x4f, 0x2c, 0x2b, 
0x1e, 0xd0, 0x00, 0xd0, 0x3f, 0x36, 0x25, 0x0a, 0x10, 0x41, 0xe7, 0x18, 
0x28, 0xe1, 0xb6, 0x30, 0x55, 0x03, 0xe8, 0xf5, 0xdb, 0x27, 0x49, 0xd8, 
0x18, 0xee, 0x24, 0xf6, 0x01, 0x01, 0xe8, 0xd5, 0xfd, 0x0f, 0x07, 0x12, 
0x21, 0x13, 0xb1, 0xf7, 0x2d, 0x11, 0xf3, 0xa8, 0xe4, 0x23, 0xc0, 0xf8, 
0xfc, 0xe1, 0xdc, 0xe7, 0x39, 0x29, 0xea, 0xec, 0xed, 0xf8, 0x06, 0xf8, 
0x0b, 0xc6, 0xbb, 0x04, 0x17, 0xd3, 0xde, 0xd3, 0xfb, 0xfb, 0x31, 0xde, 
0x27, 0xfb, 0xf0, 0xf2, 0xd3, 0xe8, 0xc2, 0xc4, 0xfb, 0xce, 0xfc, 0xe6, 
0x24, 0x3b, 0x8c, 0xf3, 0x00, 0xee, 0xd8, 0x81, 0x02, 0x04, 0x00, 0xfd, 
0xcf, 0xe1, 0xe6, 0xdd, 0x0f, 0xf6, 0xe8, 0xfa, 0x07, 0xd8, 0xde, 0x04, 
0x3c, 0xb9, 0xcc, 0xbf, 0xe2, 0x89, 0xec, 0xa9, 0x29, 0x0b, 0x23, 0xca, 
0xd6, 0x1c, 0x1f, 0x29, 0x29, 0xfc, 0x14, 0x0f, 0x13, 0xfb, 0xa4, 0x3a, 
0xd7, 0xfa, 0x04, 0xe5, 0xf6, 0x0b, 0x0d, 0x4c, 0xdc, 0xf8, 0xc9, 0x27, 
0x17, 0x1b, 0x19, 0xfd, 0xfb, 0x0c, 0x0f, 0x1a, 0xf3, 0xc7, 0xd6, 0x2e, 
0x23, 0x14, 0xfd, 0x47, 0x5f, 0x1f, 0x49, 0xd4, 0xfa, 0xfc, 0x2d, 0x0b, 
0xcf, 0x0b, 0x0c, 0xcc, 0x22, 0xef, 0xcd, 0xfa, 0xfe, 0xfb, 0xaf, 0xfe, 
0xef, 0xe9, 0xf1, 0xe3, 0xde, 0x07, 0x11, 0x06, 0x9e, 0xee, 0xd5, 0x28, 
0x10, 0xd2, 0x0b, 0x04, 0x14, 0xbd, 0x1d, 0x05, 0xf1, 0xd9, 0xab, 0xf0, 
0xe7, 0xea, 0xea, 0x08, 0x2b, 0x0b, 0xd2, 0xeb, 0xc1, 0x0f, 0x00, 0xfa, 
0xe7, 0x00, 0xed, 0xee, 0x2f, 0xfe, 0xb7, 0xc8, 0xff, 0xe0, 0xdf, 0xca, 
0x02, 0x06, 0xda, 0x96, 0xb0, 0xfa, 0x0e, 0xf2, 0x81, 0xcf, 0xc2, 0xf8, 
0xcf, 0xb6, 0x04, 0xfe, 0xd9, 0xee, 0xfc, 0x05, 0xfa, 0xd5, 0xc6, 0x1d, 
0xa2, 0xc2, 0x14, 0x11, 0xd5, 0xf5, 0xbc, 0x27, 0xe8, 0xf6, 0xe8, 0xfb, 
0xd3, 0xc9, 0x81, 0xba, 0xeb, 0xbc, 0xeb, 0xde, 0xe3, 0xec, 0xe1, 0xdd, 
0xf7, 0xb2, 0xd9, 0xba, 0xe5, 0xed, 0xcf, 0xc7, 0xec, 0x0a, 0xd3, 0xe4, 
0xf6, 0xec, 0xec, 0xed, 0xe1, 0xed, 0xdb, 0xf7, 0x00, 0xe1, 0xdf, 0x1f, 
0x04, 0xef, 0x0b, 0xb0, 0xf1, 0xdf, 0xf9, 0xf7, 0xd8, 0xdf, 0xd9, 0x1f, 
0xcd, 0xf6, 0xc8, 0x02, 0x24, 0xe6, 0xf3, 0x09, 0x07, 0xdd, 0x05, 0x02, 
0xef, 0xa2, 0x01, 0xd4, 0xf0, 0xf2, 0xe0, 0x13, 0xff, 0xf7, 0xde, 0xef, 
0xf9, 0x1c, 0x14, 0xcc, 0x0f, 0x0a, 0xec, 0x26, 0x13, 0x08, 0xc5, 0x08, 
0x11, 0x1d, 0xeb, 0xe8, 0xf7, 0xe5, 0x26, 0xfd, 0xf7, 0xe9, 0xd6, 0xf6, 
0xe3, 0x19, 0x01, 0xe8, 0x12, 0x0a, 0xf1, 0x09, 0x2c, 0x42, 0x14, 0xfd, 
0x16, 0x01, 0x4b, 0x05, 0xfc, 0xf2, 0xfd, 0x0e, 0x31, 0xfd, 0x04, 0x21, 
0x0f, 0x17, 0x2d, 0xf6, 0x29, 0x02, 0xf9, 0x10, 0xe5, 0xd4, 0xdd, 0x41, 
0x28, 0x07, 0x1d, 0x0f, 0x07, 0xec, 0x17, 0x1f, 0xf9, 0x09, 0x06, 0x21, 
0x2a, 0xc3, 0xff, 0x0a, 0xde, 0x81, 0xfe, 0xee, 0xfc, 0x05, 0x03, 0x0d, 
0x28, 0xe3, 0xf5, 0xc7, 0xf1, 0xfa, 0xfa, 0x0c, 0xb7, 0xff, 0xf5, 0xe4, 
0x0a, 0xf0, 0xb1, 0xd7, 0xf8, 0xcd, 0x0e, 0xb6, 0xfd, 0x3f, 0xd9, 0xf5, 
0x1d, 0xf4, 0x04, 0x88, 0x33, 0x0c, 0xcf, 0x31, 0x04, 0xff, 0x0a, 0xef, 
0x00, 0x16, 0xf3, 0xf9, 0xec, 0x92, 0xfa, 0xf0, 0x03, 0x22, 0xb1, 0x1a, 
0x16, 0x31, 0xf8, 0xe7, 0x1b, 0x12, 0x04, 0x06, 0x00, 0xf4, 0xc6, 0xf5, 
0xff, 0xdb, 0xc8, 0xee, 0xfe, 0xe8, 0xee, 0x11, 0x00, 0x30, 0xfc, 0x11, 
0x08, 0x11, 0xef, 0xb8, 0x03, 0x0a, 0x00, 0x0c, 0x09, 0x12, 0x0d, 0x11, 
0xeb, 0x0e, 0xf5, 0xe7, 0x06, 0x95, 0x02, 0xdc, 0xf5, 0xe3, 0x90, 0x0b, 
0x0a, 0x27, 0x28, 0x36, 0x5a, 0x2c, 0x1d, 0x1b, 0xea, 0xe9, 0xd5, 0x0c, 
0xfe, 0xcf, 0xf9, 0x0b, 0xdb, 0x09, 0xd6, 0xff, 0x08, 0xef, 0x0d, 0xec, 
0x0a, 0x19, 0xf4, 0xe4, 0x02, 0x14, 0xb8, 0x17, 0x05, 0x08, 0x06, 0xf8, 
0xfd, 0x08, 0xf6, 0xed, 0x12, 0xad, 0x21, 0xf5, 0xf4, 0x4f, 0x1f, 0x05, 
0x25, 0xf8, 0xf2, 0x01, 0x07, 0xbc, 0x09, 0x0b, 0xc1, 0x1c, 0x12, 0x08, 
0x02, 0x26, 0xd5, 0x0b, 0x06, 0xd0, 0x88, 0xce, 0xfd, 0xe2, 0x9f, 0x10, 
0xe3, 0xe0, 0x4f, 0x1b, 0xd7, 0x19, 0xa4, 0xfe, 0xda, 0xc7, 0xf5, 0x04, 
0xd0, 0xf7, 0xf4, 0xf9, 0x1b, 0xb7, 0x00, 0xf4, 0x07, 0x16, 0xf9, 0x08, 
0x1a, 0xda, 0xed, 0xfc, 0x02, 0xe0, 0x04, 0xef, 0xd6, 0x13, 0x14, 0x01, 
0x03, 0x21, 0xd1, 0xfe, 0x26, 0xa5, 0xbc, 0xbf, 0xf7, 0xed, 0xca, 0x0e, 
0xf0, 0xef, 0xec, 0xee, 0x02, 0x0c, 0xca, 0x00, 0xf8, 0xe0, 0xf9, 0x0a, 
0xd1, 0xf4, 0xb1, 0xa8, 0xf8, 0xbb, 0xf9, 0x20, 0x2d, 0x12, 0xa2, 0x2c, 
0x14, 0xd1, 0xfd, 0xf1, 0xe3, 0x19, 0x81, 0xd8, 0xca, 0x2b, 0x01, 0x01, 
0xed, 0x03, 0xf9, 0x12, 0x37, 0xc6, 0xdc, 0xb2, 0x31, 0xff, 0x01, 0x00, 
0xf4, 0xde, 0x2d, 0x01, 0x32, 0x19, 0xcb, 0x16, 0x0f, 0xfd, 0xf9, 0x14, 
0xe9, 0xab, 0x0a, 0xf0, 0xed, 0xfa, 0xf4, 0xbc, 0xfc, 0xb8, 0xf3, 0x06, 
0xe5, 0xee, 0xfa, 0xe1, 0xe8, 0xf7, 0x1b, 0x1e, 0x8b, 0x00, 0xc0, 0xf0, 
0xb9, 0x25, 0x81, 0xfc, 0x32, 0xfb, 0xe7, 0x11, 0x16, 0x04, 0xdd, 0xfe, 
0x03, 0xcf, 0x19, 0xc9, 0x03, 0xf4, 0xfc, 0x1a, 0xfc, 0xe8, 0xe9, 0x31, 
0x3c, 0x01, 0xe0, 0xd4, 0xf5, 0xe1, 0x08, 0xec, 0x30, 0xdc, 0xd2, 0x1a, 
0x38, 0x0e, 0xd5, 0xc6, 0xed, 0xfa, 0xee, 0xd8, 0x0e, 0x1e, 0xe3, 0x29, 
0xcf, 0x8f, 0x38, 0x25, 0xeb, 0xdc, 0xe0, 0x03, 0x18, 0x04, 0x0c, 0xec, 
0x04, 0xdc, 0xee, 0xc0, 0x01, 0x3b, 0xf1, 0xfd, 0x0b, 0xf6, 0xf5, 0xed, 
0xfe, 0xdd, 0xf3, 0xf3, 0xf5, 0x00, 0xec, 0xcd, 0xf0, 0xfd, 0xd3, 0x2a, 
0xd2, 0xee, 0x23, 0x02, 0x1c, 0x33, 0xe2, 0x0b, 0xeb, 0x05, 0xe6, 0x12, 
0xbb, 0x2f, 0x07, 0x19, 0x4d, 0xfc, 0x21, 0xf5, 0x17, 0x06, 0x02, 0xf8, 
0x2b, 0xdb, 0x23, 0xee, 0x0d, 0x03, 0xfe, 0xea, 0xf8, 0xe4, 0xdc, 0x39, 
0xa9, 0xc3, 0xf6, 0xdd, 0x01, 0x9b, 0xa2, 0x9b, 0xbd, 0xdc, 0xf0, 0xe4, 
0xde, 0x81, 0x10, 0xe5, 0xfe, 0x06, 0xfe, 0xc6, 0xed, 0x8d, 0x16, 0x33, 
0xe7, 0xa5, 0x06, 0x15, 0xb0, 0x04, 0xeb, 0x07, 0xae, 0xe1, 0x2b, 0xdb, 
0xe7, 0x06, 0xd1, 0x25, 0xab, 0xf9, 0x9d, 0x49, 0xa8, 0x26, 0xb8, 0xe3, 
0xec, 0xbb, 0xef, 0xda, 0xea, 0xa2, 0xea, 0xe8, 0xf3, 0xba, 0xdd, 0x01, 
0x07, 0xaa, 0x1e, 0xcc, 0x5e, 0xfd, 0x01, 0x0f, 0x1f, 0xbb, 0x07, 0x3a, 
0x2f, 0xe3, 0x14, 0x20, 0xec, 0xe2, 0xe2, 0xec, 0xd2, 0xdd, 0xe5, 0xfd, 
0x14, 0x17, 0xd1, 0x05, 0xf1, 0x28, 0x1c, 0x1e, 0x99, 0x19, 0xc3, 0xfc, 
0xf9, 0xeb, 0x10, 0x0e, 0x1d, 0xbb, 0x0d, 0x06, 0xff, 0xab, 0xf2, 0x1f, 
0x30, 0xc6, 0x24, 0x03, 0x1b, 0x1a, 0x19, 0x23, 0x23, 0xeb, 0x34, 0x1d, 
0x10, 0xf6, 0x38, 0x08, 0xf1, 0xee, 0x00, 0x0e, 0xc4, 0x21, 0x13, 0x38, 
0x39, 0x17, 0xed, 0x34, 0x5a, 0x11, 0x1c, 0x17, 0xf9, 0xfc, 0xb9, 0x1d, 
0xf6, 0xef, 0xf7, 0xe0, 0xf8, 0xfd, 0x0e, 0xdc, 0x01, 0xe7, 0xef, 0x13, 
0xe9, 0xc6, 0x05, 0xf5, 0x13, 0x00, 0xe8, 0xc1, 0xd4, 0x05, 0x0c, 0x0f, 
0xe5, 0x87, 0x02, 0xfa, 0x03, 0xff, 0xdb, 0x2b, 0x0a, 0xda, 0x81, 0xc1, 
0xda, 0x14, 0x22, 0x02, 0xf6, 0x15, 0xea, 0xf9, 0x05, 0x04, 0x14, 0xe2, 
0x09, 0xf8, 0xff, 0xdb, 0x10, 0xf6, 0x07, 0xd1, 0x02, 0xf5, 0xe5, 0x0a, 
0xbe, 0xdb, 0x08, 0xf1, 0x0e, 0x25, 0xe3, 0xf4, 0xfb, 0x03, 0x31, 0x0f, 
0xd9, 0xca, 0x08, 0x03, 0x03, 0x0b, 0xf7, 0x27, 0x12, 0x1e, 0x86, 0xd8, 
0xec, 0x06, 0x04, 0x05, 0x04, 0x20, 0x0f, 0xfa, 0x02, 0x06, 0x0b, 0x03, 
0xfe, 0x20, 0x09, 0x12, 0x0a, 0x0b, 0xf4, 0xd1, 0xeb, 0x0a, 0x01, 0xfc, 
0xd2, 0xfd, 0x03, 0xf6, 0x0f, 0x1d, 0xe7, 0x21, 0x04, 0xe5, 0x0a, 0x05, 
0xd9, 0xcf, 0x10, 0xee, 0xf5, 0xec, 0xf8, 0xff, 0x05, 0x15, 0xb7, 0xb3, 
0x01, 0x08, 0x0c, 0xf8, 0x0e, 0x36, 0x20, 0x0c, 0x0e, 0xfa, 0xf8, 0x10, 
0xd5, 0xde, 0x81, 0x58, 0xf4, 0xd0, 0xa8, 0xd5, 0xe9, 0x1a, 0xf1, 0xf5, 
0xf7, 0xdb, 0xec, 0xa2, 0xe3, 0xdd, 0xcf, 0xf9, 0xe0, 0x1e, 0xcc, 0xbc, 
0x10, 0xe5, 0xff, 0x12, 0x45, 0xf2, 0xc2, 0x09, 0xeb, 0x9b, 0xcf, 0x1a, 
0xe4, 0x37, 0xec, 0xf5, 0xea, 0xff, 0xe1, 0xb2, 0xc3, 0xe1, 0xcb, 0xf3, 
0xe1, 0x0d, 0xb9, 0xf2, 0x23, 0x0d, 0xdb, 0xca, 0x05, 0x14, 0xec, 0x10, 
0x1d, 0xed, 0xf2, 0xf4, 0xff, 0x03, 0xdd, 0xdf, 0x04, 0x34, 0x03, 0xe2, 
0x2c, 0xef, 0x3c, 0x1f, 0x08, 0xec, 0xfa, 0xdf, 0x1f, 0xca, 0xcd, 0x14, 
0x09, 0x14, 0xe5, 0x0e, 0xf0, 0x16, 0xd8, 0xdf, 0xfe, 0x0b, 0xcf, 0x20, 
0x01, 0x12, 0xee, 0xdc, 0x1c, 0x0b, 0x08, 0xde, 0x06, 0x13, 0xf0, 0x03, 
0x11, 0x04, 0x27, 0xe8, 0x00, 0x0e, 0xfe, 0xdb, 0xef, 0x25, 0xf7, 0x16, 
0x2f, 0xd9, 0x18, 0x04, 0x0d, 0xf3, 0x14, 0xce, 0x27, 0xfa, 0xee, 0x0c, 
0x04, 0x08, 0xf5, 0x15, 0xf7, 0xf8, 0xe7, 0xbf, 0x08, 0x08, 0xe3, 0xf1, 
0x23, 0x01, 0xe4, 0xe2, 0x29, 0x0f, 0x19, 0x08, 0xf5, 0xfe, 0x08, 0x12, 
0x19, 0x03, 0xfb, 0xf7, 0x0b, 0x25, 0x15, 0xd0, 0x10, 0x00, 0xd4, 0xa8, 
0xef, 0xff, 0xfc, 0xc5, 0x1a, 0xe7, 0x0a, 0xf5, 0xc3, 0xfe, 0x20, 0x1a, 
0xfb, 0xf7, 0xc9, 0x17, 0x0e, 0xfa, 0x1c, 0x37, 0xfb, 0x04, 0xec, 0xc2, 
0x14, 0xf5, 0xd3, 0xfb, 0x21, 0x0f, 0x08, 0x01, 0xdb, 0x0c, 0xf8, 0xec, 
0x07, 0xfa, 0xeb, 0x05, 0x0c, 0x0f, 0x11, 0xd6, 0x04, 0x24, 0xc7, 0xae, 
0x06, 0x06, 0xe5, 0xd2, 0x11, 0xdc, 0xfd, 0xf7, 0x81, 0xc4, 0xf8, 0x19, 
0xfb, 0x01, 0xee, 0xf5, 0x07, 0xfb, 0x0e, 0x0a, 0x16, 0x04, 0xf0, 0xb8, 
0x0e, 0xd9, 0xd9, 0x06, 0xf8, 0x11, 0xf8, 0x05, 0xdd, 0x18, 0x09, 0x0f, 
0x18, 0x02, 0xfd, 0x08, 0x0a, 0x11, 0x04, 0xe2, 0x0e, 0x3f, 0xed, 0x9a, 
0x0a, 0x0a, 0xa1, 0xf6, 0x08, 0xdc, 0xe8, 0xfc, 0x82, 0xaf, 0xf6, 0x15, 
0x00, 0x02, 0xf8, 0xe2, 0xf9, 0x1e, 0x08, 0x37, 0xfa, 0xfe, 0xe5, 0xd3, 
0x2d, 0x38, 0x10, 0x19, 0x06, 0x04, 0xf7, 0x2d, 0xf9, 0x3d, 0x19, 0x12, 
0x3f, 0x17, 0xd9, 0x18, 0x32, 0xfc, 0x27, 0x1b, 0xef, 0x12, 0x04, 0xe1, 
0xe1, 0x0b, 0xfc, 0x21, 0xd9, 0x0a, 0x1c, 0x0c, 0xfd, 0xb9, 0x09, 0x29, 
0x17, 0xeb, 0x17, 0xfb, 0xdf, 0xff, 0xa7, 0xe4, 0xfe, 0x19, 0xe3, 0xe4, 
0x10, 0xfe, 0xff, 0xd6, 0xd3, 0xd6, 0xfe, 0x0e, 0xe1, 0xfd, 0xeb, 0x13, 
0x1e, 0x09, 0xb8, 0x0a, 0x31, 0xfd, 0x10, 0xf8, 0xe9, 0x16, 0x06, 0xe0, 
0xdc, 0xf3, 0xba, 0xf4, 0xf7, 0xfb, 0xf8, 0x1b, 0xf3, 0xd5, 0xfb, 0xfd, 
0x27, 0x0c, 0x12, 0xdf, 0xe1, 0x19, 0x9d, 0x0c, 0xeb, 0x00, 0xeb, 0xcd, 
0xe6, 0x0c, 0xe3, 0x13, 0xb3, 0xcd, 0x11, 0xf5, 0xf4, 0x16, 0xea, 0x01, 
0x17, 0xec, 0xc8, 0x00, 0x0a, 0xdb, 0x19, 0xf8, 0x0a, 0x21, 0x05, 0xe8, 
0xbf, 0xf5, 0x81, 0xd8, 0xee, 0xed, 0xed, 0xfc, 0xd0, 0xe7, 0xe9, 0x00, 
0x08, 0xf6, 0x0f, 0xee, 0xfe, 0xfe, 0xb1, 0x0b, 0xd2, 0xee, 0xee, 0xeb, 
0x01, 0x0d, 0x86, 0x1f, 0x0b, 0xe6, 0xfe, 0x13, 0xfd, 0x19, 0x0c, 0x10, 
0x37, 0xe0, 0xeb, 0x1d, 0xe6, 0xe5, 0x02, 0x21, 0xf7, 0xfc, 0x01, 0x22, 
0x23, 0x2d, 0xff, 0x02, 0x37, 0xa7, 0xe4, 0x36, 0xd6, 0x03, 0xff, 0x3d, 
0x2a, 0x18, 0xed, 0x19, 0x05, 0x32, 0xd4, 0x19, 0x24, 0xe4, 0xe0, 0x0e, 
0xf7, 0x08, 0xaa, 0xeb, 0xc6, 0xb3, 0xef, 0xe0, 0xe1, 0x13, 0xd3, 0x13, 
0x2a, 0x25, 0x01, 0xfe, 0x07, 0xd4, 0xf0, 0x15, 0xd2, 0x11, 0x00, 0x26, 
0xfc, 0xf6, 0x10, 0xf5, 0x07, 0xe9, 0xcd, 0x20, 0xe9, 0xfc, 0x13, 0x09, 
0xd7, 0x03, 0xe3, 0x0e, 0x07, 0x13, 0x93, 0x04, 0x29, 0xb2, 0xdd, 0xec, 
0xf7, 0x15, 0xb7, 0xf7, 0xd2, 0xa4, 0x03, 0xe3, 0xee, 0x0a, 0x02, 0xee, 
0x3b, 0x06, 0x0e, 0x08, 0x20, 0xea, 0xfa, 0x17, 0xd8, 0x21, 0xf5, 0x3f, 
0x05, 0xff, 0x18, 0x17, 0xf8, 0x1c, 0xae, 0x12, 0xf4, 0xf0, 0x08, 0x12, 
0x17, 0xfb, 0xf6, 0xeb, 0xfa, 0xff, 0xea, 0xe5, 0x15, 0x81, 0xf1, 0xe3, 
0x0f, 0x0f, 0x01, 0x30, 0xed, 0x0a, 0x04, 0x10, 0xa0, 0xee, 0x0a, 0x13, 
0xeb, 0xf5, 0xd5, 0x0e, 0xf9, 0x16, 0x1b, 0xf1, 0xf0, 0x27, 0xde, 0x03, 
0x22, 0xe4, 0x03, 0xec, 0x03, 0xfe, 0x0c, 0xe4, 0x02, 0x1a, 0xfb, 0xfe, 
0x2a, 0xe6, 0xdb, 0x08, 0x23, 0x2b, 0x1c, 0x25, 0x0f, 0x04, 0x18, 0x4a, 
0xff, 0xd4, 0x25, 0x1f, 0x10, 0xe9, 0x01, 0xd0, 0x81, 0x0e, 0xc6, 0x14, 
0xea, 0x20, 0xc9, 0xf6, 0x06, 0x0e, 0x26, 0xf3, 0xec, 0x0b, 0xf3, 0xf0, 
0xf8, 0xdf, 0xfc, 0xf6, 0xd0, 0x1a, 0x07, 0xdf, 0xfa, 0xfa, 0xff, 0x0b, 
0xfc, 0xf2, 0xce, 0xff, 0xf7, 0xf0, 0xde, 0x01, 0xf7, 0x02, 0x02, 0xe8, 
0x08, 0x06, 0xf4, 0x0f, 0xde, 0x0d, 0xe9, 0x04, 0x95, 0x04, 0xee, 0x08, 
0xe7, 0xfc, 0xbc, 0xfc, 0x02, 0xff, 0x0c, 0x03, 0xea, 0x21, 0xfd, 0x12, 
0xec, 0xe0, 0xd7, 0x21, 0xf3, 0x0f, 0xdb, 0xf1, 0xf0, 0x06, 0x14, 0x04, 
0x0e, 0xe3, 0xd1, 0x04, 0xe6, 0xfb, 0xd7, 0x2d, 0x13, 0x0e, 0x0c, 0x06, 
0xf1, 0x81, 0x0f, 0x10, 0xcd, 0xdc, 0xfa, 0xe3, 0xb3, 0x01, 0xbd, 0x01, 
0xf0, 0x18, 0xce, 0xec, 0x0f, 0x05, 0xea, 0xd4, 0xdf, 0x25, 0xfc, 0xb9, 
0xd2, 0xdc, 0xd7, 0xea, 0xfc, 0x2c, 0x05, 0x0e, 0xf6, 0xec, 0xf8, 0xe0, 
0x18, 0xfc, 0xc5, 0xc1, 0xdc, 0x34, 0x09, 0x0b, 0x1d, 0x08, 0xe3, 0x58, 
0xf5, 0xe2, 0xe6, 0x35, 0xde, 0xf5, 0xdd, 0xe5, 0xc8, 0x2e, 0x1f, 0x11, 
0x37, 0xf0, 0x9c, 0xd9, 0x21, 0x10, 0xe8, 0x01, 0xc9, 0x08, 0xfb, 0x05, 
0xe8, 0xba, 0xf7, 0x29, 0xd9, 0xfa, 0x09, 0x00, 0xf1, 0xed, 0xec, 0xe4, 
0x18, 0x1d, 0xd0, 0xab, 0xdf, 0x28, 0x17, 0x17, 0x19, 0x02, 0x00, 0x54, 
0x0d, 0x03, 0x2e, 0x2c, 0x13, 0x21, 0xd3, 0xb2, 0xb4, 0x0c, 0xfa, 0x0c, 
0x41, 0x06, 0xc2, 0xd2, 0x25, 0xbc, 0x08, 0xf3, 0xdd, 0x12, 0xfa, 0xd6, 
0xeb, 0xc2, 0x22, 0x02, 0xa0, 0x22, 0x3c, 0xf6, 0x23, 0x05, 0xd6, 0x0d, 
0x10, 0x22, 0x0c, 0xc6, 0xf8, 0xef, 0xf4, 0x29, 0x4e, 0x0a, 0x28, 0x95, 
0xd5, 0xda, 0x09, 0x2b, 0x13, 0xe5, 0x05, 0x23, 0x05, 0x2e, 0xda, 0x06, 
0xd3, 0xd2, 0xde, 0xe8, 0x0f, 0xd8, 0x26, 0xbd, 0xeb, 0x0d, 0xf2, 0x00, 
0x04, 0xe3, 0x04, 0x23, 0xf5, 0x02, 0x23, 0x01, 0xfa, 0xe9, 0xd2, 0xe9, 
0x23, 0x04, 0xdf, 0x07, 0x18, 0x2a, 0x08, 0xcc, 0x09, 0xfa, 0xe1, 0xf9, 
0xf5, 0xeb, 0x2c, 0x1a, 0x0a, 0x04, 0xf3, 0xf7, 0x0e, 0x1a, 0xfd, 0x0c, 
0xf3, 0xe5, 0xef, 0xc7, 0xfb, 0xb5, 0x18, 0xba, 0xfc, 0x26, 0xfb, 0x09, 
0x02, 0x94, 0xfc, 0x15, 0xfa, 0x07, 0xf9, 0x04, 0x02, 0xf6, 0xf3, 0x03, 
0x10, 0xfe, 0xf8, 0x17, 0x11, 0xf4, 0xcd, 0xd5, 0x21, 0x0e, 0xf0, 0xf6, 
0x04, 0x0d, 0x19, 0x1b, 0x12, 0xf6, 0xf1, 0xdd, 0x15, 0x35, 0x13, 0xfd, 
0x00, 0xf0, 0xf2, 0xc7, 0xfb, 0xaf, 0x21, 0xe2, 0x15, 0x08, 0xfb, 0x0c, 
0x04, 0x81, 0xfe, 0x37, 0xf9, 0x15, 0xf0, 0x24, 0x0c, 0xef, 0x13, 0x4f, 
0x16, 0xf4, 0xe7, 0x17, 0xee, 0xe0, 0x0d, 0x08, 0x07, 0x18, 0xed, 0xd9, 
0x27, 0xc8, 0x14, 0x07, 0x1e, 0xe0, 0x1b, 0xff, 0x14, 0x1f, 0xf8, 0xcc, 
0xef, 0xa4, 0xf8, 0x21, 0x2d, 0x27, 0x09, 0xfe, 0xd5, 0xe2, 0xc4, 0x12, 
0x2f, 0xe8, 0xcf, 0xdc, 0xe2, 0xf9, 0x03, 0x23, 0xff, 0x9c, 0x13, 0xc2, 
0x30, 0x05, 0xe1, 0xfc, 0xbf, 0xe2, 0xe2, 0xda, 0x00, 0x2d, 0xe8, 0xd2, 
0x02, 0xee, 0x05, 0x11, 0x06, 0x0c, 0xfa, 0x13, 0x23, 0xfd, 0x21, 0x00, 
0x08, 0x81, 0xe5, 0x06, 0xc1, 0x1b, 0xea, 0x01, 0xa8, 0x2e, 0x1c, 0x02, 
0x1a, 0xde, 0xd4, 0x01, 0x11, 0x02, 0xb7, 0x07, 0x01, 0xc6, 0x0e, 0x04, 
0x26, 0xea, 0x18, 0x0e, 0xf5, 0xfc, 0xe4, 0xde, 0x02, 0x12, 0x06, 0xf7, 
0xf4, 0x33, 0xe4, 0xfb, 0x17, 0x22, 0xb8, 0xfc, 0x13, 0xed, 0xfd, 0x2f, 
0xdd, 0xeb, 0xde, 0x06, 0xc1, 0x07, 0xbf, 0xf1, 0xfd, 0xf7, 0x26, 0xe5, 
0xf2, 0xb6, 0x07, 0xf8, 0x2b, 0x0d, 0xa1, 0x13, 0x33, 0xc8, 0xd9, 0xf3, 
0x3f, 0xef, 0x0a, 0x1b, 0x7f, 0x1b, 0xe5, 0xd9, 0x05, 0x09, 0x15, 0x00, 
0x8e, 0xf6, 0xff, 0xff, 0x04, 0x00, 0x00, 0x00, 0x00, 0x01, 0x00, 0x00, 
0x27, 0xff, 0xff, 0xff, 0xb5, 0xfd, 0xff, 0xff, 0xa8, 0xfc, 0xff, 0xff, 
0x02, 0xfd, 0xff, 0xff, 0xa7, 0xfa, 0xff, 0xff, 0x92, 0xfe, 0xff, 0xff, 
0x3a, 0xfb, 0xff, 0xff, 0xf8, 0xfc, 0xff, 0xff, 0x6b, 0xfd, 0xff, 0xff, 
0x59, 0xfe, 0xff, 0xff, 0xb9, 0xfc, 0xff, 0xff, 0xd8, 0xfd, 0xff, 0xff, 
0x01, 0xfe, 0xff, 0xff, 0xf3, 0xfd, 0xff, 0xff, 0x77, 0xfd, 0xff, 0xff, 
0x3c, 0xfd, 0xff, 0xff, 0x75, 0xfd, 0xff, 0xff, 0x63, 0xfb, 0xff, 0xff, 
0x7e, 0xfc, 0xff, 0xff, 0x26, 0xfb, 0xff, 0xff, 0xab, 0xfc, 0xff, 0xff, 
0xb6, 0xfd, 0xff, 0xff, 0x52, 0xfd, 0xff, 0xff, 0xf0, 0xfb, 0xff, 0xff, 
0x56, 0xfe, 0xff, 0xff, 0x81, 0xfd, 0xff, 0xff, 0x0c, 0xfc, 0xff, 0xff, 
0xb5, 0xfd, 0xff, 0xff, 0x04, 0xfb, 0xff, 0xff, 0xf6, 0xfc, 0xff, 0xff, 
0xf8, 0xf9, 0xff, 0xff, 0x83, 0xfc, 0xff, 0xff, 0xf1, 0xfd, 0xff, 0xff, 
0x55, 0xfa, 0xff, 0xff, 0x0f, 0xfe, 0xff, 0xff, 0x69, 0xfd, 0xff, 0xff, 
0x17, 0xfc, 0xff, 0xff, 0x51, 0xfd, 0xff, 0xff, 0x94, 0xfd, 0xff, 0xff, 
0xc0, 0xfb, 0xff, 0xff, 0x64, 0xfc, 0xff, 0xff, 0xc3, 0xfc, 0xff, 0xff, 
0xb0, 0xf8, 0xff, 0xff, 0xc4, 0xfb, 0xff, 0xff, 0x9b, 0xfd, 0xff, 0xff, 
0x5b, 0xfd, 0xff, 0xff, 0xac, 0xfc, 0xff, 0xff, 0xd4, 0xfc, 0xff, 0xff, 
0x6e, 0xfb, 0xff, 0xff, 0x4c, 0xfd, 0xff, 0xff, 0x2f, 0xfd, 0xff, 0xff, 
0x3e, 0xfd, 0xff, 0xff, 0xbd, 0xf9, 0xff, 0xff, 0xcb, 0xfd, 0xff, 0xff, 
0x48, 0xfd, 0xff, 0xff, 0x5f, 0xfd, 0xff, 0xff, 0x92, 0xfe, 0xff, 0xff, 
0x92, 0xfd, 0xff, 0xff, 0x5c, 0xfe, 0xff, 0xff, 0xa2, 0xfa, 0xff, 0xff, 
0x83, 0xff, 0xff, 0xff, 0xa5, 0xfe, 0xff, 0xff, 0x18, 0xf9, 0xff, 0xff, 
0x11, 0xfc, 0xff, 0xff, 0x9a, 0xf7, 0xff, 0xff, 0x04, 0x00, 0x00, 0x00, 
0x00, 0x04, 0x00, 0x00, 0x0f, 0xe1, 0xfb, 0xda, 0xe8, 0x4c, 0xef, 0x7b, 
0xfa, 0x34, 0xcd, 0x14, 0xa2, 0x1a, 0x6a, 0x01, 0x17, 0x81, 0x33, 0x02, 
0x64, 0xdd, 0x2f, 0xb6, 0x48, 0x13, 0xcb, 0xb9, 0xc4, 0x15, 0x65, 0x02, 
0xb3, 0xc9, 0x19, 0xdb, 0xc7, 0x13, 0xf5, 0x35, 0xe4, 0x4d, 0x19, 0x34, 
0xcf, 0xb5, 0x16, 0x14, 0x0b, 0xe4, 0x47, 0x2e, 0xad, 0xeb, 0x08, 0xe8, 
0x41, 0x34, 0xd8, 0xfd, 0xbd, 0xd5, 0x39, 0xf3, 0x42, 0x0e, 0xd6, 0x00, 
0xcc, 0x36, 0x3a, 0x24, 0x18, 0xb5, 0xeb, 0xd0, 0x13, 0x37, 0x17, 0xad, 
0x1d, 0x81, 0x0b, 0xef, 0x29, 0x4d, 0xdf, 0x0c, 0xf9, 0x31, 0xf8, 0xe9, 
0xf0, 0x13, 0x68, 0xc0, 0xf6, 0x21, 0x25, 0x15, 0xe6, 0xf7, 0x3b, 0x40, 
0xb7, 0xe4, 0xa1, 0x3f, 0x2b, 0xb8, 0x2c, 0xef, 0xee, 0xc3, 0xfc, 0xdf, 
0x2f, 0x1a, 0xb9, 0xf2, 0xfc, 0x27, 0x18, 0x54, 0xd1, 0xfa, 0xb6, 0xc5, 
0x39, 0xe7, 0xe3, 0xbe, 0xe9, 0x0a, 0xbc, 0x12, 0x4b, 0x05, 0x9c, 0xae, 
0xf4, 0x35, 0x72, 0xe7, 0x50, 0x3c, 0x7f, 0xec, 0xe8, 0xed, 0xd4, 0x28, 
0x58, 0xb7, 0xfe, 0xa3, 0x11, 0x41, 0xda, 0x06, 0xec, 0xf7, 0x94, 0x43, 
0xc1, 0x68, 0xe3, 0x18, 0xdd, 0xfa, 0x53, 0xf3, 0x58, 0xf0, 0xc6, 0xb3, 
0xdc, 0xeb, 0x5a, 0xc4, 0x12, 0x32, 0xc5, 0x07, 0xf1, 0xf9, 0xeb, 0xf1, 
0xe9, 0x6a, 0x11, 0xef, 0xc8, 0xad, 0xda, 0x23, 0xe5, 0x5d, 0x1b, 0x13, 
0x30, 0xed, 0x1b, 0xed, 0xd5, 0xb8, 0x13, 0x58, 0x14, 0x0e, 0x9f, 0x14, 
0xfa, 0x57, 0xf6, 0xd3, 0xf3, 0x0c, 0x50, 0xc0, 0x3f, 0xd9, 0x32, 0xc1, 
0x03, 0xe4, 0xcb, 0x09, 0x2f, 0x47, 0x09, 0xfa, 0xed, 0x34, 0xed, 0x1b, 
0x41, 0xd6, 0x4e, 0xcf, 0xb9, 0x44, 0x81, 0x0a, 0x0f, 0x16, 0xb5, 0xd0, 
0xc7, 0x46, 0xdb, 0xf1, 0xdb, 0x35, 0xf2, 0xf4, 0xe0, 0xca, 0xbb, 0x06, 
0x2b, 0x26, 0x3a, 0xe8, 0xe7, 0xf9, 0xf1, 0xc0, 0xbb, 0xe6, 0xaa, 0x66, 
0xf4, 0x7f, 0x2a, 0x37, 0x13, 0x95, 0x2f, 0x55, 0x57, 0xf5, 0xfe, 0x8f, 
0xf1, 0x69, 0xe4, 0x0f, 0xe7, 0x2b, 0xde, 0xd0, 0xd3, 0x5d, 0xf8, 0xf9, 
0x2e, 0x76, 0x5b, 0x8d, 0xee, 0x05, 0xcc, 0xe8, 0xfe, 0x1d, 0x1a, 0x22, 
0xa8, 0x20, 0x25, 0x9e, 0xab, 0xd0, 0xa9, 0xbe, 0xef, 0xfe, 0x7b, 0xe0, 
0xfe, 0xcf, 0xe4, 0x14, 0xe9, 0x35, 0xe9, 0xbc, 0xe8, 0x81, 0x59, 0x0c, 
0x46, 0x78, 0xf9, 0xe0, 0xf1, 0xca, 0x01, 0x25, 0xb4, 0x59, 0x2b, 0x3a, 
0x25, 0x49, 0xf8, 0x22, 0xfe, 0x3d, 0x0e, 0xd9, 0xec, 0x02, 0xf8, 0xd8, 
0x1c, 0x1c, 0x20, 0x0b, 0x2f, 0xda, 0xfa, 0x11, 0xe8, 0xdc, 0x2c, 0x0b, 
0x0a, 0x0c, 0x24, 0x54, 0x9b, 0xd0, 0xce, 0xb8, 0x40, 0x9f, 0x46, 0x01, 
0xf0, 0xe6, 0xd5, 0xe6, 0x1b, 0xfb, 0xf5, 0xf5, 0xfc, 0xfb, 0xe2, 0x0e, 
0x32, 0x0a, 0x53, 0x17, 0xfb, 0x1b, 0x58, 0xb2, 0x0f, 0xe2, 0x28, 0x23, 
0xcf, 0xd0, 0x11, 0xcc, 0x26, 0xbb, 0xea, 0x41, 0xb8, 0xe6, 0x36, 0xff, 
0xe8, 0xc4, 0xce, 0x2b, 0xec, 0x09, 0xe7, 0xe0, 0xf9, 0x09, 0x0c, 0xff, 
0x1a, 0xf6, 0xdd, 0x21, 0x04, 0xb2, 0x59, 0xe0, 0xd7, 0xfc, 0xc0, 0xe3, 
0x7f, 0x24, 0xe6, 0xf8, 0x1e, 0x48, 0xe8, 0xe0, 0x3b, 0x30, 0xd8, 0xb4, 
0xc6, 0x16, 0x1c, 0x26, 0xc0, 0x11, 0xa8, 0xbe, 0xf4, 0x36, 0xcd, 0xce, 
0x57, 0xff, 0x49, 0x24, 0x37, 0x15, 0x89, 0x11, 0xee, 0x27, 0xc8, 0xe6, 
0x7f, 0xb2, 0xf4, 0xe0, 0x20, 0x39, 0x0a, 0x00, 0x92, 0x02, 0xf3, 0xfa, 
0xfc, 0xba, 0xef, 0x13, 0xfc, 0x51, 0x9e, 0xc6, 0xeb, 0xd6, 0xc8, 0x11, 
0x46, 0xe7, 0xdd, 0x1c, 0xbe, 0x1f, 0xf3, 0x1e, 0x35, 0x2a, 0x22, 0x13, 
0xb5, 0xc3, 0xdc, 0xbb, 0xee, 0x68, 0xff, 0xc5, 0xc0, 0x3f, 0x24, 0x2c, 
0x12, 0x27, 0x91, 0xf3, 0x55, 0x7d, 0x86, 0xcd, 0xd6, 0x90, 0xb1, 0xca, 
0x3b, 0x7f, 0x2a, 0x05, 0x2b, 0x2e, 0xd2, 0x23, 0x2b, 0x4a, 0xcb, 0x51, 
0x6b, 0xbe, 0x2e, 0x22, 0x48, 0x30, 0xe2, 0x16, 0x3e, 0x06, 0xfb, 0x09, 
0xde, 0x8a, 0x41, 0x08, 0x48, 0x26, 0xdf, 0xf8, 0xdc, 0xc1, 0xed, 0x0e, 
0x1b, 0x11, 0xcf, 0xf2, 0xdb, 0xcf, 0x0f, 0xcb, 0xd9, 0xfe, 0xe6, 0x16, 
0xea, 0xf0, 0xed, 0x48, 0x36, 0xff, 0x29, 0xdc, 0x2b, 0xaa, 0xc9, 0x16, 
0x14, 0xf8, 0x64, 0xf0, 0x46, 0x1e, 0x06, 0xf7, 0x19, 0x27, 0x14, 0xc5, 
0xe6, 0xf8, 0xf4, 0xf2, 0x7f, 0x37, 0xbf, 0x18, 0x2d, 0xc2, 0x12, 0x33, 
0x20, 0xd9, 0x4f, 0xe0, 0xd2, 0x2c, 0x31, 0x2d, 0xf1, 0xc3, 0xfd, 0xed, 
0xde, 0xa9, 0x0d, 0xc7, 0x0d, 0x18, 0xe0, 0x14, 0x25, 0x35, 0xb0, 0x31, 
0xda, 0x14, 0x5c, 0xf3, 0x0e, 0xaa, 0x3b, 0x16, 0x33, 0xdb, 0xf2, 0xaa, 
0x21, 0xe5, 0x13, 0x3b, 0x30, 0xc6, 0x55, 0xf6, 0x02, 0x00, 0x1c, 0x2f, 
0xf4, 0x01, 0x66, 0x51, 0xe8, 0x35, 0x20, 0xdb, 0xdf, 0x2a, 0xc4, 0x18, 
0x2c, 0x3d, 0x8a, 0x81, 0x05, 0xee, 0xcd, 0xd6, 0x00, 0xba, 0x9e, 0xac, 
0x13, 0x24, 0x0e, 0xc4, 0xfc, 0x06, 0x9c, 0x9b, 0x02, 0x3e, 0xfb, 0xbe, 
0xc9, 0x7f, 0x8d, 0x1a, 0xdf, 0xe6, 0x09, 0x22, 0xa6, 0x01, 0x33, 0x0d, 
0x9b, 0x4f, 0x2c, 0xb7, 0xec, 0x28, 0xf0, 0x29, 0xfb, 0x3f, 0xfc, 0xa5, 
0xf8, 0x0b, 0xd1, 0x29, 0xf9, 0x9a, 0x1e, 0xd2, 0xa2, 0x07, 0x24, 0x3d, 
0xfd, 0xdb, 0x16, 0xef, 0x45, 0xd9, 0x4d, 0x0d, 0xb9, 0x4d, 0xe3, 0x73, 
0xd8, 0xf4, 0x31, 0x15, 0x1e, 0xef, 0xe5, 0x0b, 0xb4, 0xb2, 0xd2, 0xe5, 
0x21, 0x0a, 0x02, 0x1c, 0xbc, 0x18, 0x0f, 0xe6, 0x01, 0xee, 0x21, 0x40, 
0x2b, 0x78, 0xce, 0x69, 0x08, 0x11, 0x17, 0xe4, 0x67, 0xd8, 0x33, 0xb4, 
0x2b, 0x8f, 0x12, 0xa4, 0x19, 0xf1, 0x15, 0x51, 0xd6, 0x0c, 0xd7, 0x56, 
0x06, 0xf4, 0x07, 0x50, 0x0a, 0x99, 0xf6, 0x15, 0x05, 0x1e, 0xc2, 0xd6, 
0xe8, 0xb8, 0x09, 0x3c, 0x28, 0xb5, 0x02, 0x81, 0x51, 0x3b, 0xf9, 0x6a, 
0x0e, 0xf8, 0xdf, 0xdc, 0xbf, 0xd9, 0x0b, 0xfc, 0xcc, 0xcc, 0xe8, 0xe7, 
0xfc, 0xd4, 0x1e, 0x0f, 0x18, 0x3f, 0xcc, 0x39, 0x16, 0x29, 0x88, 0xca, 
0x59, 0xcf, 0x24, 0x35, 0x05, 0xb9, 0x7f, 0x00, 0x15, 0xc7, 0xdc, 0x34, 
0xbf, 0x92, 0x19, 0x43, 0xf8, 0xf9, 0x0e, 0x1a, 0x14, 0xe3, 0xe6, 0xb0, 
0xd8, 0x35, 0xde, 0x27, 0xd3, 0x0c, 0xf6, 0x04, 0xd3, 0x14, 0x94, 0x1f, 
0xe3, 0x18, 0xed, 0x11, 0xfd, 0x4b, 0x14, 0x1a, 0xfc, 0x0c, 0xfc, 0x24, 
0xd1, 0xcd, 0x2f, 0x29, 0x13, 0x66, 0x7f, 0x22, 0xe9, 0x13, 0x0f, 0x03, 
0xf6, 0xbf, 0x21, 0x37, 0x21, 0xdc, 0x0f, 0x11, 0x33, 0xe9, 0xfb, 0xce, 
0x03, 0x1e, 0x27, 0xdd, 0xf7, 0x69, 0xf3, 0xaf, 0x3f, 0xc6, 0x02, 0xf9, 
0xdb, 0x0a, 0x06, 0x24, 0x1f, 0xcd, 0xcb, 0xb5, 0xfd, 0x0b, 0x04, 0xf1, 
0x18, 0x0b, 0x16, 0xc8, 0xfd, 0xb5, 0x8e, 0xdf, 0x0d, 0x2c, 0xc3, 0xe2, 
0x20, 0xf7, 0x1c, 0xea, 0xf9, 0xda, 0x81, 0x04, 0x5a, 0xc9, 0x09, 0x29, 
0xf6, 0x06, 0xda, 0x3f, 0xf6, 0xd4, 0xf5, 0x17, 0x09, 0xcf, 0xe5, 0xef, 
0x10, 0xdb, 0x60, 0x05, 0x27, 0x16, 0x0c, 0xb3, 0x81, 0x1e, 0x2b, 0xb2, 
0xdc, 0x07, 0x04, 0xda, 0x18, 0x7b, 0x50, 0xcf, 0xc6, 0x2d, 0x14, 0x18, 
0x42, 0xfc, 0x22, 0x35, 0xf7, 0xfc, 0xea, 0xcc, 0xb8, 0x9c, 0x03, 0xf7, 
0x96, 0xbb, 0x02, 0x52, 0x47, 0x4f, 0x0a, 0xaa, 0xa6, 0xfb, 0xff, 0xff, 
0x04, 0x00, 0x00, 0x00, 0x40, 0x00, 0x00, 0x00, 0x6e, 0xfd, 0xff, 0xff, 
0xd8, 0xff, 0xff, 0xff, 0x87, 0x09, 0x00, 0x00, 0xb1, 0x04, 0x00, 0x00, 
0xab, 0x03, 0x00, 0x00, 0xdc, 0xfe, 0xff, 0xff, 0x1b, 0x03, 0x00, 0x00, 
0x10, 0x03, 0x00, 0x00, 0xf0, 0xfc, 0xff, 0xff, 0xa3, 0xff, 0xff, 0xff, 
0xc6, 0x04, 0x00, 0x00, 0x4d, 0x03, 0x00, 0x00, 0x60, 0xfe, 0xff, 0xff, 
0xc9, 0xfc, 0xff, 0xff, 0x60, 0xfe, 0xff, 0xff, 0x52, 0x02, 0x00, 0x00, 
0xf2, 0xfb, 0xff, 0xff, 0x04, 0x00, 0x00, 0x00, 0x0c, 0x00, 0x00, 0x00, 
0xff, 0xff, 0xff, 0xff, 0x10, 0x00, 0x00, 0x00, 0x40, 0x00, 0x00, 0x00, 
0x0a, 0xfc, 0xff, 0xff, 0x04, 0x00, 0x00, 0x00, 0x0c, 0x00, 0x00, 0x00, 
0xff, 0xff, 0xff, 0xff, 0x20, 0x00, 0x00, 0x00, 0x40, 0x00, 0x00, 0x00, 
0x22, 0xfc, 0xff, 0xff, 0x04, 0x00, 0x00, 0x00, 0x0c, 0x00, 0x00, 0x00, 
0xff, 0xff, 0xff, 0xff, 0x20, 0x00, 0x00, 0x00, 0x30, 0x00, 0x00, 0x00, 
0x3a, 0xfc, 0xff, 0xff, 0x04, 0x00, 0x00, 0x00, 0x04, 0x00, 0x00, 0x00, 
0x01, 0x00, 0x00, 0x00, 0x4a, 0xfc, 0xff, 0xff, 0x04, 0x00, 0x00, 0x00, 
0x0c, 0x00, 0x00, 0x00, 0xff, 0xff, 0xff, 0xff, 0x40, 0x00, 0x00, 0x00, 
0x10, 0x00, 0x00, 0x00, 0x62, 0xfc, 0xff, 0xff, 0x04, 0x00, 0x00, 0x00, 
0x04, 0x00, 0x00, 0x00, 0xfd, 0xff, 0xff, 0xff, 0xa4, 0xd4, 0xff, 0xff, 
0xa8, 0xd4, 0xff, 0xff, 0x0f, 0x00, 0x00, 0x00, 0x4d, 0x4c, 0x49, 0x52, 
0x20, 0x43, 0x6f, 0x6e, 0x76, 0x65, 0x72, 0x74, 0x65, 0x64, 0x2e, 0x00, 
0x01, 0x00, 0x00, 0x00, 0x14, 0x00, 0x00, 0x00, 0x00, 0x00, 0x0e, 0x00, 
0x18, 0x00, 0x14, 0x00, 0x10, 0x00, 0x0c, 0x00, 0x08, 0x00, 0x04, 0x00, 
0x0e, 0x00, 0x00, 0x00, 0x14, 0x00, 0x00, 0x00, 0x1c, 0x00, 0x00, 0x00, 
0x04, 0x05, 0x00, 0x00, 0x08, 0x05, 0x00, 0x00, 0x0c, 0x05, 0x00, 0x00, 
0x04, 0x00, 0x00, 0x00, 0x6d, 0x61, 0x69, 0x6e, 0x00, 0x00, 0x00, 0x00, 
0x16, 0x00, 0x00, 0x00, 0xbc, 0x04, 0x00, 0x00, 0x5c, 0x04, 0x00, 0x00, 
0x24, 0x04, 0x00, 0x00, 0xd4, 0x03, 0x00, 0x00, 0xac, 0x03, 0x00, 0x00, 
0x68, 0x03, 0x00, 0x00, 0x40, 0x03, 0x00, 0x00, 0xfc, 0x02, 0x00, 0x00, 
0xb8, 0x02, 0x00, 0x00, 0x84, 0x02, 0x00, 0x00, 0x54, 0x02, 0x00, 0x00, 
0x00, 0x02, 0x00, 0x00, 0xd8, 0x01, 0x00, 0x00, 0xa8, 0x01, 0x00, 0x00, 
0x64, 0x01, 0x00, 0x00, 0x3c, 0x01, 0x00, 0x00, 0x0c, 0x01, 0x00, 0x00, 
0xc8, 0x00, 0x00, 0x00, 0xa0, 0x00, 0x00, 0x00, 0x6c, 0x00, 0x00, 0x00, 
0x34, 0x00, 0x00, 0x00, 0x04, 0x00, 0x00, 0x00, 0x06, 0xfc, 0xff, 0xff, 
0x14, 0x00, 0x00, 0x00, 0x00, 0x00, 0x00, 0x0c, 0x10, 0x00, 0x00, 0x00, 
0x14, 0x00, 0x00, 0x00, 0x09, 0x00, 0x00, 0x00, 0x70, 0xd5, 0xff, 0xff, 
0x01, 0x00, 0x00, 0x00, 0x28, 0x00, 0x00, 0x00, 0x01, 0x00, 0x00, 0x00, 
0x27, 0x00, 0x00, 0x00, 0x32, 0xfc, 0xff, 0xff, 0x14, 0x00, 0x00, 0x00, 
0x00, 0x00, 0x00, 0x08, 0x10, 0x00, 0x00, 0x00, 0x14, 0x00, 0x00, 0x00, 
0x08, 0x00, 0x00, 0x00, 0x9c, 0xd5, 0xff, 0xff, 0x01, 0x00, 0x00, 0x00, 
0x27, 0x00, 0x00, 0x00, 0x03, 0x00, 0x00, 0x00, 0x26, 0x00, 0x00, 0x00, 
0x08, 0x00, 0x00, 0x00, 0x07, 0x00, 0x00, 0x00, 0x66, 0xfc, 0xff, 0xff, 
0x14, 0x00, 0x00, 0x00, 0x00, 0x00, 0x00, 0x1b, 0x10, 0x00, 0x00, 0x00, 
0x14, 0x00, 0x00, 0x00, 0x07, 0x00, 0x00, 0x00, 0xd0, 0xd5, 0xff, 0xff, 
0x01, 0x00, 0x00, 0x00, 0x26, 0x00, 0x00, 0x00, 0x02, 0x00, 0x00, 0x00, 
0x25, 0x00, 0x00, 0x00, 0x03, 0x00, 0x00, 0x00, 0xc6, 0xfc, 0xff, 0xff, 
0x0c, 0x00, 0x00, 0x00, 0x10, 0x00, 0x00, 0x00, 0x02, 0x00, 0x00, 0x00, 
0x01, 0x00, 0x00, 0x00, 0x25, 0x00, 0x00, 0x00, 0x02, 0x00, 0x00, 0x00, 
0x24, 0x00, 0x00, 0x00, 0x06, 0x00, 0x00, 0x00, 0xba, 0xfc, 0xff, 0xff, 
0x14, 0x00, 0x00, 0x00, 0x00, 0x00, 0x00, 0x05, 0x24, 0x00, 0x00, 0x00, 
0x28, 0x00, 0x00, 0x00, 0x06, 0x00, 0x00, 0x00, 0xde, 0xfe, 0xff, 0xff, 
0x01, 0x00, 0x00, 0x00, 0x02, 0x00, 0x00, 0x00, 0x01, 0x00, 0x00, 0x00, 
0x02, 0x00, 0x00, 0x00, 0x00, 0x00, 0x00, 0x01, 0x01, 0x00, 0x00, 0x00, 
0x24, 0x00, 0x00, 0x00, 0x01, 0x00, 0x00, 0x00, 0x23, 0x00, 0x00, 0x00, 
0x9e, 0xfc, 0xff, 0xff, 0x10, 0x00, 0x00, 0x00, 0x00, 0x00, 0x00, 0x34, 
0x0c, 0x00, 0x00, 0x00, 0x10, 0x00, 0x00, 0x00, 0x60, 0xd6, 0xff, 0xff, 
0x01, 0x00, 0x00, 0x00, 0x23, 0x00, 0x00, 0x00, 0x02, 0x00, 0x00, 0x00, 
0x22, 0x00, 0x00, 0x00, 0x03, 0x00, 0x00, 0x00, 0x56, 0xfd, 0xff, 0xff, 
0x0c, 0x00, 0x00, 0x00, 0x10, 0x00, 0x00, 0x00, 0x02, 0x00, 0x00, 0x00, 
0x01, 0x00, 0x00, 0x00, 0x22, 0x00, 0x00, 0x00, 0x02, 0x00, 0x00, 0x00, 
0x21, 0x00, 0x00, 0x00, 0x05, 0x00, 0x00, 0x00, 0x4a, 0xfd, 0xff, 0xff, 
0x14, 0x00, 0x00, 0x00, 0x00, 0x00, 0x00, 0x01, 0x1c, 0x00, 0x00, 0x00, 
0x20, 0x00, 0x00, 0x00, 0x01, 0x00, 0x00, 0x00, 0x3c, 0xfd, 0xff, 0xff, 
0x00, 0x00, 0x00, 0x01, 0x01, 0x00, 0x00, 0x00, 0x01, 0x00, 0x00, 0x00, 
0x01, 0x00, 0x00, 0x00, 0x21, 0x00, 0x00, 0x00, 0x03, 0x00, 0x00, 0x00, 
0x20, 0x00, 0x00, 0x00, 0x0a, 0x00, 0x00, 0x00, 0x09, 0x00, 0x00, 0x00, 
0x2e, 0xfd, 0xff, 0xff, 0x10, 0x00, 0x00, 0x00, 0x00, 0x00, 0x00, 0x34, 
0x0c, 0x00, 0x00, 0x00, 0x10, 0x00, 0x00, 0x00, 0xf0, 0xd6, 0xff, 0xff, 
0x01, 0x00, 0x00, 0x00, 0x20, 0x00, 0x00, 0x00, 0x02, 0x00, 0x00, 0x00, 
0x1f, 0x00, 0x00, 0x00, 0x01, 0x00, 0x00, 0x00, 0xe6, 0xfd, 0xff, 0xff, 
0x0c, 0x00, 0x00, 0x00, 0x10, 0x00, 0x00, 0x00, 0x02, 0x00, 0x00, 0x00, 
0x01, 0x00, 0x00, 0x00, 0x1f, 0x00, 0x00, 0x00, 0x02, 0x00, 0x00, 0x00, 
0x1e, 0x00, 0x00, 0x00, 0x04, 0x00, 0x00, 0x00, 0x22, 0xff, 0xff, 0xff, 
0x24, 0x00, 0x00, 0x00, 0x00, 0x00, 0x00, 0x05, 0x34, 0x00, 0x00, 0x00, 
0x38, 0x00, 0x00, 0x00, 0x06, 0x00, 0x00, 0x00, 0x00, 0x00, 0x0e, 0x00, 
0x18, 0x00, 0x17, 0x00, 0x10, 0x00, 0x0c, 0x00, 0x08, 0x00, 0x04, 0x00, 
0x0e, 0x00, 0x00, 0x00, 0x01, 0x00, 0x00, 0x00, 0x02, 0x00, 0x00, 0x00, 
0x01, 0x00, 0x00, 0x00, 0x02, 0x00, 0x00, 0x00, 0x00, 0x00, 0x00, 0x01, 
0x01, 0x00, 0x00, 0x00, 0x1e, 0x00, 0x00, 0x00, 0x01, 0x00, 0x00, 0x00, 
0x1d, 0x00, 0x00, 0x00, 0xce, 0xfd, 0xff, 0xff, 0x10, 0x00, 0x00, 0x00, 
0x00, 0x00, 0x00, 0x34, 0x0c, 0x00, 0x00, 0x00, 0x10, 0x00, 0x00, 0x00, 
0x90, 0xd7, 0xff, 0xff, 0x01, 0x00, 0x00, 0x00, 0x1d, 0x00, 0x00, 0x00, 
0x02, 0x00, 0x00, 0x00, 0x1c, 0x00, 0x00, 0x00, 0x03, 0x00, 0x00, 0x00, 
0x56, 0xfe, 0xff, 0xff, 0x14, 0x00, 0x00, 0x00, 0x00, 0x00, 0x00, 0x0b, 
0x10, 0x00, 0x00, 0x00, 0x14, 0x00, 0x00, 0x00, 0x05, 0x00, 0x00, 0x00, 
0xc0, 0xd7, 0xff, 0xff, 0x01, 0x00, 0x00, 0x00, 0x1c, 0x00, 0x00, 0x00, 
0x02, 0x00, 0x00, 0x00, 0x1b, 0x00, 0x00, 0x00, 0x0b, 0x00, 0x00, 0x00, 
0x86, 0xfe, 0xff, 0xff, 0x14, 0x00, 0x00, 0x00, 0x00, 0x00, 0x00, 0x15, 
0x10, 0x00, 0x00, 0x00, 0x14, 0x00, 0x00, 0x00, 0x04, 0x00, 0x00, 0x00, 
0xf0, 0xd7, 0xff, 0xff, 0x01, 0x00, 0x00, 0x00, 0x1b, 0x00, 0x00, 0x00, 
0x02, 0x00, 0x00, 0x00, 0x1a, 0x00, 0x00, 0x00, 0x0c, 0x00, 0x00, 0x00, 
0x00, 0x00, 0x0e, 0x00, 0x1a, 0x00, 0x14, 0x00, 0x10, 0x00, 0x0c, 0x00, 
0x0b, 0x00, 0x04, 0x00, 0x0e, 0x00, 0x00, 0x00, 0x1c, 0x00, 0x00, 0x00, 
0x00, 0x00, 0x00, 0x0a, 0x1c, 0x00, 0x00, 0x00, 0x20, 0x00, 0x00, 0x00, 
0x03, 0x00, 0x00, 0x00, 0x00, 0x00, 0x06, 0x00, 0x08, 0x00, 0x04, 0x00, 
0x06, 0x00, 0x00, 0x00, 0xff, 0xff, 0xff, 0xff, 0x01, 0x00, 0x00, 0x00, 
0x1a, 0x00, 0x00, 0x00, 0x03, 0x00, 0x00, 0x00, 0x15, 0x00, 0x00, 0x00, 
0x17, 0x00, 0x00, 0x00, 0x19, 0x00, 0x00, 0x00, 0x36, 0xff, 0xff, 0xff, 
0x0c, 0x00, 0x00, 0x00, 0x10, 0x00, 0x00, 0x00, 0x02, 0x00, 0x00, 0x00, 
0x01, 0x00, 0x00, 0x00, 0x19, 0x00, 0x00, 0x00, 0x02, 0x00, 0x00, 0x00, 
0x18, 0x00, 0x00, 0x00, 0x02, 0x00, 0x00, 0x00, 0x2a, 0xff, 0xff, 0xff, 
0x14, 0x00, 0x00, 0x00, 0x00, 0x00, 0x00, 0x01, 0x1c, 0x00, 0x00, 0x00, 
0x20, 0x00, 0x00, 0x00, 0x01, 0x00, 0x00, 0x00, 0x1c, 0xff, 0xff, 0xff, 
0x00, 0x00, 0x00, 0x01, 0x01, 0x00, 0x00, 0x00, 0x01, 0x00, 0x00, 0x00, 
0x01, 0x00, 0x00, 0x00, 0x18, 0x00, 0x00, 0x00, 0x03, 0x00, 0x00, 0x00, 
0x13, 0x00, 0x00, 0x00, 0x0e, 0x00, 0x00, 0x00, 0x0d, 0x00, 0x00, 0x00, 
0x9a, 0xff, 0xff, 0xff, 0x0c, 0x00, 0x00, 0x00, 0x10, 0x00, 0x00, 0x00, 
0x02, 0x00, 0x00, 0x00, 0x01, 0x00, 0x00, 0x00, 0x17, 0x00, 0x00, 0x00, 
0x02, 0x00, 0x00, 0x00, 0x16, 0x00, 0x00, 0x00, 0x02, 0x00, 0x00, 0x00, 
0x8e, 0xff, 0xff, 0xff, 0x14, 0x00, 0x00, 0x00, 0x00, 0x00, 0x00, 0x01, 
0x1c, 0x00, 0x00, 0x00, 0x20, 0x00, 0x00, 0x00, 0x01, 0x00, 0x00, 0x00, 
0x80, 0xff, 0xff, 0xff, 0x00, 0x00, 0x00, 0x01, 0x01, 0x00, 0x00, 0x00, 
0x01, 0x00, 0x00, 0x00, 0x01, 0x00, 0x00, 0x00, 0x16, 0x00, 0x00, 0x00, 
0x03, 0x00, 0x00, 0x00, 0x13, 0x00, 0x00, 0x00, 0x10, 0x00, 0x00, 0x00, 
0x0f, 0x00, 0x00, 0x00, 0x00, 0x00, 0x0a, 0x00, 0x10, 0x00, 0x0c, 0x00, 
0x08, 0x00, 0x04, 0x00, 0x0a, 0x00, 0x00, 0x00, 0x0c, 0x00, 0x00, 0x00, 
0x10, 0x00, 0x00, 0x00, 0x02, 0x00, 0x00, 0x00, 0x01, 0x00, 0x00, 0x00, 
0x15, 0x00, 0x00, 0x00, 0x02, 0x00, 0x00, 0x00, 0x14, 0x00, 0x00, 0x00, 
0x02, 0x00, 0x00, 0x00, 0x00, 0x00, 0x0e, 0x00, 0x18, 0x00, 0x14, 0x00, 
0x10, 0x00, 0x0c, 0x00, 0x0b, 0x00, 0x04, 0x00, 0x0e, 0x00, 0x00, 0x00, 
0x20, 0x00, 0x00, 0x00, 0x00, 0x00, 0x00, 0x01, 0x28, 0x00, 0x00, 0x00, 
0x2c, 0x00, 0x00, 0x00, 0x01, 0x00, 0x00, 0x00, 0x0c, 0x00, 0x10, 0x00, 
0x00, 0x00, 0x0c, 0x00, 0x08, 0x00, 0x07, 0x00, 0x0c, 0x00, 0x00, 0x00, 
0x00, 0x00, 0x00, 0x01, 0x01, 0x00, 0x00, 0x00, 0x01, 0x00, 0x00, 0x00, 
0x01, 0x00, 0x00, 0x00, 0x14, 0x00, 0x00, 0x00, 0x03, 0x00, 0x00, 0x00, 
0x13, 0x00, 0x00, 0x00, 0x12, 0x00, 0x00, 0x00, 0x11, 0x00, 0x00, 0x00, 
0x00, 0x00, 0x0e, 0x00, 0x14, 0x00, 0x00, 0x00, 0x10, 0x00, 0x0c, 0x00, 
0x0b, 0x00, 0x04, 0x00, 0x0e, 0x00, 0x00, 0x00, 0x10, 0x00, 0x00, 0x00, 
0x00, 0x00, 0x00, 0x34, 0x0c, 0x00, 0x00, 0x00, 0x10, 0x00, 0x00, 0x00, 
0xd0, 0xd9, 0xff, 0xff, 0x01, 0x00, 0x00, 0x00, 0x13, 0x00, 0x00, 0x00, 
0x02, 0x00, 0x00, 0x00, 0x00, 0x00, 0x00, 0x00, 0x01, 0x00, 0x00, 0x00, 
0x01, 0x00, 0x00, 0x00, 0x28, 0x00, 0x00, 0x00, 0x01, 0x00, 0x00, 0x00, 
0x00, 0x00, 0x00, 0x00, 0x29, 0x00, 0x00, 0x00, 0x3c, 0x26, 0x00, 0x00, 
0xe4, 0x25, 0x00, 0x00, 0x8c, 0x25, 0x00, 0x00, 0x50, 0x25, 0x00, 0x00, 
0xf0, 0x24, 0x00, 0x00, 0x94, 0x24, 0x00, 0x00, 0x30, 0x24, 0x00, 0x00, 
0x08, 0x23, 0x00, 0x00, 0xe4, 0x21, 0x00, 0x00, 0xf0, 0x1d, 0x00, 0x00, 
0x7c, 0x1a, 0x00, 0x00, 0xf8, 0x19, 0x00, 0x00, 0x74, 0x19, 0x00, 0x00, 
0xc0, 0x17, 0x00, 0x00, 0x8c, 0x16, 0x00, 0x00, 0xd8, 0x14, 0x00, 0x00, 
0xa4, 0x13, 0x00, 0x00, 0x00, 0x12, 0x00, 0x00, 0xcc, 0x10, 0x00, 0x00, 
0x28, 0x10, 0x00, 0x00, 0x14, 0x0f, 0x00, 0x00, 0x24, 0x0e, 0x00, 0x00, 
0x04, 0x0d, 0x00, 0x00, 0x0c, 0x0c, 0x00, 0x00, 0xec, 0x0a, 0x00, 0x00, 
0xf4, 0x09, 0x00, 0x00, 0x68, 0x09, 0x00, 0x00, 0xcc, 0x08, 0x00, 0x00, 
0x30, 0x08, 0x00, 0x00, 0x88, 0x07, 0x00, 0x00, 0xec, 0x06, 0x00, 0x00, 
0x54, 0x06, 0x00, 0x00, 0xb4, 0x05, 0x00, 0x00, 0x90, 0x04, 0x00, 0x00, 
0x98, 0x03, 0x00, 0x00, 0xf0, 0x02, 0x00, 0x00, 0x54, 0x02, 0x00, 0x00, 
0xb4, 0x01, 0x00, 0x00, 0x24, 0x01, 0x00, 0x00, 0x80, 0x00, 0x00, 0x00, 
0x04, 0x00, 0x00, 0x00, 0x7e, 0xda, 0xff, 0xff, 0x00, 0x00, 0x00, 0x01, 
0x18, 0x00, 0x00, 0x00, 0x20, 0x00, 0x00, 0x00, 0x3c, 0x00, 0x00, 0x00, 
0x29, 0x00, 0x00, 0x00, 0x00, 0x00, 0x00, 0x09, 0x50, 0x00, 0x00, 0x00, 
0x02, 0x00, 0x00, 0x00, 0xff, 0xff, 0xff, 0xff, 0x10, 0x00, 0x00, 0x00, 
0x64, 0xda, 0xff, 0xff, 0x08, 0x00, 0x00, 0x00, 0x10, 0x00, 0x00, 0x00, 
0x01, 0x00, 0x00, 0x00, 0x00, 0x00, 0x00, 0x00, 0x00, 0x00, 0x00, 0x00, 
0x01, 0x00, 0x00, 0x00, 0x00, 0x00, 0x00, 0x3c, 0x1b, 0x00, 0x00, 0x00, 
0x53, 0x74, 0x61, 0x74, 0x65, 0x66, 0x75, 0x6c, 0x50, 0x61, 0x72, 0x74, 
0x69, 0x74, 0x69, 0x6f, 0x6e, 0x65, 0x64, 0x43, 0x61, 0x6c, 0x6c, 0x5f, 
0x31, 0x3a, 0x30, 0x00, 0x02, 0x00, 0x00, 0x00, 0x01, 0x00, 0x00, 0x00, 
0x10, 0x00, 0x00, 0x00, 0xf6, 0xda, 0xff, 0xff, 0x00, 0x00, 0x00, 0x01, 
0x18, 0x00, 0x00, 0x00, 0x20, 0x00, 0x00, 0x00, 0x3c, 0x00, 0x00, 0x00, 
0x28, 0x00, 0x00, 0x00, 0x00, 0x00, 0x00, 0x09, 0x78, 0x00, 0x00, 0x00, 
0x02, 0x00, 0x00, 0x00, 0xff, 0xff, 0xff, 0xff, 0x10, 0x00, 0x00, 0x00, 
0xdc, 0xda, 0xff, 0xff, 0x08, 0x00, 0x00, 0x00, 0x10, 0x00, 0x00, 0x00, 
0x01, 0x00, 0x00, 0x00, 0xe1, 0xff, 0xff, 0xff, 0xff, 0xff, 0xff, 0xff, 
0x01, 0x00, 0x00, 0x00, 0xa5, 0x98, 0x0e, 0x3d, 0x40, 0x00, 0x00, 0x00, 
0x66, 0x75, 0x6e, 0x63, 0x74, 0x69, 0x6f, 0x6e, 0x61, 0x6c, 0x5f, 0x31, 
0x2f, 0x65, 0x6d, 0x62, 0x65, 0x64, 0x64, 0x69, 0x6e, 0x67, 0x5f, 0x31, 
0x2f, 0x4d, 0x61, 0x74, 0x4d, 0x75, 0x6c, 0x3b, 0x66, 0x75, 0x6e, 0x63, 
0x74, 0x69, 0x6f, 0x6e, 0x61, 0x6c, 0x5f, 0x31, 0x2f, 0x65, 0x6d, 0x62, 
0x65, 0x64, 0x64, 0x69, 0x6e, 0x67, 0x5f, 0x31, 0x2f, 0x42, 0x69, 0x61, 
0x73, 0x41, 0x64, 0x64, 0x00, 0x00, 0x00, 0x00, 0x02, 0x00, 0x00, 0x00, 
0x01, 0x00, 0x00, 0x00, 0x10, 0x00, 0x00, 0x00, 0x96, 0xdb, 0xff, 0xff, 
0x00, 0x00, 0x00, 0x01, 0x18, 0x00, 0x00, 0x00, 0x20, 0x00, 0x00, 0x00, 
0x3c, 0x00, 0x00, 0x00, 0x27, 0x00, 0x00, 0x00, 0x00, 0x00, 0x00, 0x09, 
0x64, 0x00, 0x00, 0x00, 0x02, 0x00, 0x00, 0x00, 0xff, 0xff, 0xff, 0xff, 
0x40, 0x00, 0x00, 0x00, 0x7c, 0xdb, 0xff, 0xff, 0x08, 0x00, 0x00, 0x00, 
0x10, 0x00, 0x00, 0x00, 0x01, 0x00, 0x00, 0x00, 0x80, 0xff, 0xff, 0xff, 
0xff, 0xff, 0xff, 0xff, 0x01, 0x00, 0x00, 0x00, 0x91, 0x39, 0x95, 0x3c, 
0x2c, 0x00, 0x00, 0x00, 0x66, 0x75, 0x6e, 0x63, 0x74, 0x69, 0x6f, 0x6e, 
0x61, 0x6c, 0x5f, 0x31, 0x2f, 0x67, 0x6c, 0x6f, 0x62, 0x61, 0x6c, 0x5f, 
0x61, 0x76, 0x65, 0x72, 0x61, 0x67, 0x65, 0x5f, 0x70, 0x6f, 0x6f, 0x6c, 
0x69, 0x6e, 0x67, 0x31, 0x64, 0x5f, 0x31, 0x2f, 0x4d, 0x65, 0x61, 0x6e, 
0x00, 0x00, 0x00, 0x00, 0x02, 0x00, 0x00, 0x00, 0x01, 0x00, 0x00, 0x00, 
0x40, 0x00, 0x00, 0x00, 0x22, 0xdc, 0xff, 0xff, 0x00, 0x00, 0x00, 0x01, 
0x18, 0x00, 0x00, 0x00, 0x24, 0x00, 0x00, 0x00, 0x44, 0x00, 0x00, 0x00, 
0x26, 0x00, 0x00, 0x00, 0x00, 0x00, 0x00, 0x09, 0x70, 0x00, 0x00, 0x00, 
0x03, 0x00, 0x00, 0x00, 0xff, 0xff, 0xff, 0xff, 0x10, 0x00, 0x00, 0x00, 
0x40, 0x00, 0x00, 0x00, 0x0c, 0xdc, 0xff, 0xff, 0x08, 0x00, 0x00, 0x00, 
0x14, 0x00, 0x00, 0x00, 0x01, 0x00, 0x00, 0x00, 0x80, 0xff, 0xff, 0xff, 
0xff, 0xff, 0xff, 0xff, 0x00, 0x00, 0x00, 0x00, 0x01, 0x00, 0x00, 0x00, 
0x61, 0x5e, 0x65, 0x3d, 0x31, 0x00, 0x00, 0x00, 0x66, 0x75, 0x6e, 0x63, 
0x74, 0x69, 0x6f, 0x6e, 0x61, 0x6c, 0x5f, 0x31, 0x2f, 0x6d, 0x61, 0x78, 
0x5f, 0x70, 0x6f, 0x6f, 0x6c, 0x69, 0x6e, 0x67, 0x31, 0x64, 0x5f, 0x31, 
0x5f, 0x32, 0x2f, 0x4d, 0x61, 0x78, 0x50, 0x6f, 0x6f, 0x6c, 0x31, 0x64, 
0x2f, 0x53, 0x71, 0x75, 0x65, 0x65, 0x7a, 0x65, 0x31, 0x00, 0x00, 0x00, 
0x03, 0x00, 0x00, 0x00, 0x01, 0x00, 0x00, 0x00, 0x10, 0x00, 0x00, 0x00, 
0x40, 0x00, 0x00, 0x00, 0xbe, 0xdc, 0xff, 0xff, 0x00, 0x00, 0x00, 0x01, 
0x18, 0x00, 0x00, 0x00, 0x28, 0x00, 0x00, 0x00, 0x44, 0x00, 0x00, 0x00, 
0x25, 0x00, 0x00, 0x00, 0x00, 0x00, 0x00, 0x09, 0x68, 0x00, 0x00, 0x00, 
0x04, 0x00, 0x00, 0x00, 0xff, 0xff, 0xff, 0xff, 0x01, 0x00, 0x00, 0x00, 
0x10, 0x00, 0x00, 0x00, 0x40, 0x00, 0x00, 0x00, 0xac, 0xdc, 0xff, 0xff, 
0x08, 0x00, 0x00, 0x00, 0x10, 0x00, 0x00, 0x00, 0x01, 0x00, 0x00, 0x00, 
0x80, 0xff, 0xff, 0xff, 0xff, 0xff, 0xff, 0xff, 0x01, 0x00, 0x00, 0x00, 
0x61, 0x5e, 0x65, 0x3d, 0x28, 0x00, 0x00, 0x00, 0x66, 0x75, 0x6e, 0x63, 
0x74, 0x69, 0x6f, 0x6e, 0x61, 0x6c, 0x5f, 0x31, 0x2f, 0x6d, 0x61, 0x78, 
0x5f, 0x70, 0x6f, 0x6f, 0x6c, 0x69, 0x6e, 0x67, 0x31, 0x64, 0x5f, 0x31, 
0x5f, 0x32, 0x2f, 0x4d, 0x61, 0x78, 0x50, 0x6f, 0x6f, 0x6c, 0x31, 0x64, 
0x00, 0x00, 0x00, 0x00, 0x04, 0x00, 0x00, 0x00, 0x01, 0x00, 0x00, 0x00, 
0x01, 0x00, 0x00, 0x00, 0x10, 0x00, 0x00, 0x00, 0x40, 0x00, 0x00, 0x00, 
0x56, 0xdd, 0xff, 0xff, 0x00, 0x00, 0x00, 0x01, 0x18, 0x00, 0x00, 0x00, 
0x28, 0x00, 0x00, 0x00, 0x48, 0x00, 0x00, 0x00, 0x24, 0x00, 0x00, 0x00, 
0x00, 0x00, 0x00, 0x09, 0x74, 0x00, 0x00, 0x00, 0x04, 0x00, 0x00, 0x00, 
0xff, 0xff, 0xff, 0xff, 0x01, 0x00, 0x00, 0x00, 0x20, 0x00, 0x00, 0x00, 
0x40, 0x00, 0x00, 0x00, 0x44, 0xdd, 0xff, 0xff, 0x08, 0x00, 0x00, 0x00, 
0x14, 0x00, 0x00, 0x00, 0x01, 0x00, 0x00, 0x00, 0x80, 0xff, 0xff, 0xff, 
0xff, 0xff, 0xff, 0xff, 0x00, 0x00, 0x00, 0x00, 0x01, 0x00, 0x00, 0x00, 
0x61, 0x5e, 0x65, 0x3d, 0x33, 0x00, 0x00, 0x00, 0x66, 0x75, 0x6e, 0x63, 
0x74, 0x69, 0x6f, 0x6e, 0x61, 0x6c, 0x5f, 0x31, 0x2f, 0x6d, 0x61, 0x78, 
0x5f, 0x70, 0x6f, 0x6f, 0x6c, 0x69, 0x6e, 0x67, 0x31, 0x64, 0x5f, 0x31, 
0x5f, 0x32, 0x2f, 0x4d, 0x61, 0x78, 0x50, 0x6f, 0x6f, 0x6c, 0x31, 0x64, 
0x2f, 0x45, 0x78, 0x70, 0x61, 0x6e, 0x64, 0x44, 0x69, 0x6d, 0x73, 0x00, 
0x04, 0x00, 0x00, 0x00, 0x01, 0x00, 0x00, 0x00, 0x01, 0x00, 0x00, 0x00, 
0x20, 0x00, 0x00, 0x00, 0x40, 0x00, 0x00, 0x00, 0xfa, 0xdd, 0xff, 0xff, 
0x00, 0x00, 0x00, 0x01, 0x18, 0x00, 0x00, 0x00, 0x24, 0x00, 0x00, 0x00, 
0x44, 0x00, 0x00, 0x00, 0x23, 0x00, 0x00, 0x00, 0x00, 0x00, 0x00, 0x09, 
0xc8, 0x00, 0x00, 0x00, 0x03, 0x00, 0x00, 0x00, 0xff, 0xff, 0xff, 0xff, 
0x20, 0x00, 0x00, 0x00, 0x40, 0x00, 0x00, 0x00, 0xe4, 0xdd, 0xff, 0xff, 
0x08, 0x00, 0x00, 0x00, 0x14, 0x00, 0x00, 0x00, 0x01, 0x00, 0x00, 0x00, 
0x80, 0xff, 0xff, 0xff, 0xff, 0xff, 0xff, 0xff, 0x00, 0x00, 0x00, 0x00, 
0x01, 0x00, 0x00, 0x00, 0x61, 0x5e, 0x65, 0x3d, 0x88, 0x00, 0x00, 0x00, 
0x66, 0x75, 0x6e, 0x63, 0x74, 0x69, 0x6f, 0x6e, 0x61, 0x6c, 0x5f, 0x31, 
0x2f, 0x63, 0x6f, 0x6e, 0x76, 0x31, 0x64, 0x5f, 0x33, 0x5f, 0x31, 0x2f, 
0x52, 0x65, 0x6c, 0x75, 0x3b, 0x66, 0x75, 0x6e, 0x63, 0x74, 0x69, 0x6f, 
0x6e, 0x61, 0x6c, 0x5f, 0x31, 0x2f, 0x63, 0x6f, 0x6e, 0x76, 0x31, 0x64, 
0x5f, 0x33, 0x5f, 0x31, 0x2f, 0x42, 0x69, 0x61, 0x73, 0x41, 0x64, 0x64, 
0x3b, 0x66, 0x75, 0x6e, 0x63, 0x74, 0x69, 0x6f, 0x6e, 0x61, 0x6c, 0x5f, 
0x31, 0x2f, 0x63, 0x6f, 0x6e, 0x76, 0x31, 0x64, 0x5f, 0x33, 0x5f, 0x31, 
0x2f, 0x63, 0x6f, 0x6e, 0x76, 0x6f, 0x6c, 0x75, 0x74, 0x69, 0x6f, 0x6e, 
0x2f, 0x53, 0x71, 0x75, 0x65, 0x65, 0x7a, 0x65, 0x3b, 0x66, 0x75, 0x6e, 
0x63, 0x74, 0x69, 0x6f, 0x6e, 0x61, 0x6c, 0x5f, 0x31, 0x2f, 0x63, 0x6f, 
0x6e, 0x76, 0x31, 0x64, 0x5f, 0x33, 0x5f, 0x31, 0x2f, 0x53, 0x71, 0x75, 
0x65, 0x65, 0x7a, 0x65, 0x00, 0x00, 0x00, 0x00, 0x03, 0x00, 0x00, 0x00, 
0x01, 0x00, 0x00, 0x00, 0x20, 0x00, 0x00, 0x00, 0x40, 0x00, 0x00, 0x00, 
0xee, 0xde, 0xff, 0xff, 0x00, 0x00, 0x00, 0x01, 0x18, 0x00, 0x00, 0x00, 
0x28, 0x00, 0x00, 0x00, 0x48, 0x00, 0x00, 0x00, 0x22, 0x00, 0x00, 0x00, 
0x00, 0x00, 0x00, 0x09, 0xf0, 0x00, 0x00, 0x00, 0x04, 0x00, 0x00, 0x00, 
0xff, 0xff, 0xff, 0xff, 0x01, 0x00, 0x00, 0x00, 0x20, 0x00, 0x00, 0x00, 
0x40, 0x00, 0x00, 0x00, 0xdc, 0xde, 0xff, 0xff, 0x08, 0x00, 0x00, 0x00, 
0x14, 0x00, 0x00, 0x00, 0x01, 0x00, 0x00, 0x00, 0x80, 0xff, 0xff, 0xff, 
0xff, 0xff, 0xff, 0xff, 0x00, 0x00, 0x00, 0x00, 0x01, 0x00, 0x00, 0x00, 
0x61, 0x5e, 0x65, 0x3d, 0xad, 0x00, 0x00, 0x00, 0x66, 0x75, 0x6e, 0x63, 
0x74, 0x69, 0x6f, 0x6e, 0x61, 0x6c, 0x5f, 0x31, 0x2f, 0x63, 0x6f, 0x6e, 
0x76, 0x31, 0x64, 0x5f, 0x33, 0x5f, 0x31, 0x2f, 0x52, 0x65, 0x6c, 0x75, 
0x3b, 0x66, 0x75, 0x6e, 0x63, 0x74, 0x69, 0x6f, 0x6e, 0x61, 0x6c, 0x5f, 
0x31, 0x2f, 0x63, 0x6f, 0x6e, 0x76, 0x31, 0x64, 0x5f, 0x33, 0x5f, 0x31, 
0x2f, 0x42, 0x69, 0x61, 0x73, 0x41, 0x64, 0x64, 0x3b, 0x66, 0x75, 0x6e, 
0x63, 0x74, 0x69, 0x6f, 0x6e, 0x61, 0x6c, 0x5f, 0x31, 0x2f, 0x63, 0x6f, 
0x6e, 0x76, 0x31, 0x64, 0x5f, 0x33, 0x5f, 0x31, 0x2f, 0x63, 0x6f, 0x6e, 
0x76, 0x6f, 0x6c, 0x75, 0x74, 0x69, 0x6f, 0x6e, 0x2f, 0x53, 0x71, 0x75, 
0x65, 0x65, 0x7a, 0x65, 0x3b, 0x66, 0x75, 0x6e, 0x63, 0x74, 0x69, 0x6f, 
0x6e, 0x61, 0x6c, 0x5f, 0x31, 0x2f, 0x63, 0x6f, 0x6e, 0x76, 0x31, 0x64, 
0x5f, 0x33, 0x5f, 0x31, 0x2f, 0x53, 0x71, 0x75, 0x65, 0x65, 0x7a, 0x65, 
0x3b, 0x66, 0x75, 0x6e, 0x63, 0x74, 0x69, 0x6f, 0x6e, 0x61, 0x6c, 0x5f, 
0x31, 0x2f, 0x63, 0x6f, 0x6e, 0x76, 0x31, 0x64, 0x5f, 0x33, 0x5f, 0x31, 
0x2f, 0x63, 0x6f, 0x6e, 0x76, 0x6f, 0x6c, 0x75, 0x74, 0x69, 0x6f, 0x6e, 
0x31, 0x00, 0x00, 0x00, 0x04, 0x00, 0x00, 0x00, 0x01, 0x00, 0x00, 0x00, 
0x01, 0x00, 0x00, 0x00, 0x20, 0x00, 0x00, 0x00, 0x40, 0x00, 0x00, 0x00, 
0x0e, 0xe0, 0xff, 0xff, 0x00, 0x00, 0x00, 0x01, 0x18, 0x00, 0x00, 0x00, 
0x28, 0x00, 0x00, 0x00, 0x44, 0x00, 0x00, 0x00, 0x21, 0x00, 0x00, 0x00, 
0x00, 0x00, 0x00, 0x09, 0x6c, 0x00, 0x00, 0x00, 0x04, 0x00, 0x00, 0x00, 
0xff, 0xff, 0xff, 0xff, 0x01, 0x00, 0x00, 0x00, 0x20, 0x00, 0x00, 0x00, 
0x30, 0x00, 0x00, 0x00, 0xfc, 0xdf, 0xff, 0xff, 0x08, 0x00, 0x00, 0x00, 
0x10, 0x00, 0x00, 0x00, 0x01, 0x00, 0x00, 0x00, 0x8b, 0xff, 0xff, 0xff, 
0xff, 0xff, 0xff, 0xff, 0x01, 0x00, 0x00, 0x00, 0x88, 0xf7, 0xb2, 0x3d, 
0x2e, 0x00, 0x00, 0x00, 0x66, 0x75, 0x6e, 0x63, 0x74, 0x69, 0x6f, 0x6e, 
0x61, 0x6c, 0x5f, 0x31, 0x2f, 0x63, 0x6f, 0x6e, 0x76, 0x31, 0x64, 0x5f, 
0x33, 0x5f, 0x31, 0x2f, 0x63, 0x6f, 0x6e, 0x76, 0x6f, 0x6c, 0x75, 0x74, 
0x69, 0x6f, 0x6e, 0x2f, 0x45, 0x78, 0x70, 0x61, 0x6e, 0x64, 0x44, 0x69, 
0x6d, 0x73, 0x00, 0x00, 0x04, 0x00, 0x00, 0x00, 0x01, 0x00, 0x00, 0x00, 
0x01, 0x00, 0x00, 0x00, 0x20, 0x00, 0x00, 0x00, 0x30, 0x00, 0x00, 0x00, 
0xaa, 0xe0, 0xff, 0xff, 0x00, 0x00, 0x00, 0x01, 0x18, 0x00, 0x00, 0x00, 
0x24, 0x00, 0x00, 0x00, 0x40, 0x00, 0x00, 0x00, 0x20, 0x00, 0x00, 0x00, 
0x00, 0x00, 0x00, 0x09, 0x68, 0x00, 0x00, 0x00, 0x03, 0x00, 0x00, 0x00, 
0xff, 0xff, 0xff, 0xff, 0x20, 0x00, 0x00, 0x00, 0x30, 0x00, 0x00, 0x00, 
0x94, 0xe0, 0xff, 0xff, 0x08, 0x00, 0x00, 0x00, 0x10, 0x00, 0x00, 0x00, 
0x01, 0x00, 0x00, 0x00, 0x8b, 0xff, 0xff, 0xff, 0xff, 0xff, 0xff, 0xff, 
0x01, 0x00, 0x00, 0x00, 0x88, 0xf7, 0xb2, 0x3d, 0x2f, 0x00, 0x00, 0x00, 
0x66, 0x75, 0x6e, 0x63, 0x74, 0x69, 0x6f, 0x6e, 0x61, 0x6c, 0x5f, 0x31, 
0x2f, 0x6d, 0x61, 0x78, 0x5f, 0x70, 0x6f, 0x6f, 0x6c, 0x69, 0x6e, 0x67, 
0x31, 0x64, 0x5f, 0x31, 0x2f, 0x4d, 0x61, 0x78, 0x50, 0x6f, 0x6f, 0x6c, 
0x31, 0x64, 0x2f, 0x53, 0x71, 0x75, 0x65, 0x65, 0x7a, 0x65, 0x31, 0x00, 
0x03, 0x00, 0x00, 0x00, 0x01, 0x00, 0x00, 0x00, 0x20, 0x00, 0x00, 0x00, 
0x30, 0x00, 0x00, 0x00, 0x3e, 0xe1, 0xff, 0xff, 0x00, 0x00, 0x00, 0x01, 
0x18, 0x00, 0x00, 0x00, 0x28, 0x00, 0x00, 0x00, 0x48, 0x00, 0x00, 0x00, 
0x1f, 0x00, 0x00, 0x00, 0x00, 0x00, 0x00, 0x09, 0x68, 0x00, 0x00, 0x00, 
0x04, 0x00, 0x00, 0x00, 0xff, 0xff, 0xff, 0xff, 0x01, 0x00, 0x00, 0x00, 
0x20, 0x00, 0x00, 0x00, 0x30, 0x00, 0x00, 0x00, 0x2c, 0xe1, 0xff, 0xff, 
0x08, 0x00, 0x00, 0x00, 0x14, 0x00, 0x00, 0x00, 0x01, 0x00, 0x00, 0x00, 
0x8b, 0xff, 0xff, 0xff, 0xff, 0xff, 0xff, 0xff, 0x00, 0x00, 0x00, 0x00, 
0x01, 0x00, 0x00, 0x00, 0x88, 0xf7, 0xb2, 0x3d, 0x26, 0x00, 0x00, 0x00, 
0x66, 0x75, 0x6e, 0x63, 0x74, 0x69, 0x6f, 0x6e, 0x61, 0x6c, 0x5f, 0x31, 
0x2f, 0x6d, 0x61, 0x78, 0x5f, 0x70, 0x6f, 0x6f, 0x6c, 0x69, 0x6e, 0x67, 
0x31, 0x64, 0x5f, 0x31, 0x2f, 0x4d, 0x61, 0x78, 0x50, 0x6f, 0x6f, 0x6c, 
0x31, 0x64, 0x00, 0x00, 0x04, 0x00, 0x00, 0x00, 0x01, 0x00, 0x00, 0x00, 
0x01, 0x00, 0x00, 0x00, 0x20, 0x00, 0x00, 0x00, 0x30, 0x00, 0x00, 0x00, 
0xd6, 0xe1, 0xff, 0xff, 0x00, 0x00, 0x00, 0x01, 0x18, 0x00, 0x00, 0x00, 
0x28, 0x00, 0x00, 0x00, 0x48, 0x00, 0x00, 0x00, 0x1e, 0x00, 0x00, 0x00, 
0x00, 0x00, 0x00, 0x09, 0x74, 0x00, 0x00, 0x00, 0x04, 0x00, 0x00, 0x00, 
0xff, 0xff, 0xff, 0xff, 0x01, 0x00, 0x00, 0x00, 0x40, 0x00, 0x00, 0x00, 
0x30, 0x00, 0x00, 0x00, 0xc4, 0xe1, 0xff, 0xff, 0x08, 0x00, 0x00, 0x00, 
0x14, 0x00, 0x00, 0x00, 0x01, 0x00, 0x00, 0x00, 0x8b, 0xff, 0xff, 0xff, 
0xff, 0xff, 0xff, 0xff, 0x00, 0x00, 0x00, 0x00, 0x01, 0x00, 0x00, 0x00, 
0x88, 0xf7, 0xb2, 0x3d, 0x31, 0x00, 0x00, 0x00, 0x66, 0x75, 0x6e, 0x63, 
0x74, 0x69, 0x6f, 0x6e, 0x61, 0x6c, 0x5f, 0x31, 0x2f, 0x6d, 0x61, 0x78, 
0x5f, 0x70, 0x6f, 0x6f, 0x6c, 0x69, 0x6e, 0x67, 0x31, 0x64, 0x5f, 0x31, 
0x2f, 0x4d, 0x61, 0x78, 0x50, 0x6f, 0x6f, 0x6c, 0x31, 0x64, 0x2f, 0x45, 
0x78, 0x70, 0x61, 0x6e, 0x64, 0x44, 0x69, 0x6d, 0x73, 0x00, 0x00, 0x00, 
0x04, 0x00, 0x00, 0x00, 0x01, 0x00, 0x00, 0x00, 0x01, 0x00, 0x00, 0x00, 
0x40, 0x00, 0x00, 0x00, 0x30, 0x00, 0x00, 0x00, 0x7a, 0xe2, 0xff, 0xff, 
0x00, 0x00, 0x00, 0x01, 0x18, 0x00, 0x00, 0x00, 0x24, 0x00, 0x00, 0x00, 
0x40, 0x00, 0x00, 0x00, 0x1d, 0x00, 0x00, 0x00, 0x00, 0x00, 0x00, 0x09, 
0x6c, 0x00, 0x00, 0x00, 0x03, 0x00, 0x00, 0x00, 0xff, 0xff, 0xff, 0xff, 
0x40, 0x00, 0x00, 0x00, 0x30, 0x00, 0x00, 0x00, 0x64, 0xe2, 0xff, 0xff, 
0x08, 0x00, 0x00, 0x00, 0x10, 0x00, 0x00, 0x00, 0x01, 0x00, 0x00, 0x00, 
0x8b, 0xff, 0xff, 0xff, 0xff, 0xff, 0xff, 0xff, 0x01, 0x00, 0x00, 0x00, 
0x88, 0xf7, 0xb2, 0x3d, 0x32, 0x00, 0x00, 0x00, 0x66, 0x75, 0x6e, 0x63, 
0x74, 0x69, 0x6f, 0x6e, 0x61, 0x6c, 0x5f, 0x31, 0x2f, 0x62, 0x61, 0x74, 
0x63, 0x68, 0x5f, 0x6e, 0x6f, 0x72, 0x6d, 0x61, 0x6c, 0x69, 0x7a, 0x61, 
0x74, 0x69, 0x6f, 0x6e, 0x5f, 0x31, 0x2f, 0x62, 0x61, 0x74, 0x63, 0x68, 
0x6e, 0x6f, 0x72, 0x6d, 0x2f, 0x61, 0x64, 0x64, 0x5f, 0x31, 0x00, 0x00, 
0x03, 0x00, 0x00, 0x00, 0x01, 0x00, 0x00, 0x00, 0x40, 0x00, 0x00, 0x00, 
0x30, 0x00, 0x00, 0x00, 0x12, 0xe3, 0xff, 0xff, 0x00, 0x00, 0x00, 0x01, 
0x18, 0x00, 0x00, 0x00, 0x24, 0x00, 0x00, 0x00, 0x40, 0x00, 0x00, 0x00, 
0x1c, 0x00, 0x00, 0x00, 0x00, 0x00, 0x00, 0x09, 0x6c, 0x00, 0x00, 0x00, 
0x03, 0x00, 0x00, 0x00, 0xff, 0xff, 0xff, 0xff, 0x40, 0x00, 0x00, 0x00, 
0x30, 0x00, 0x00, 0x00, 0xfc, 0xe2, 0xff, 0xff, 0x08, 0x00, 0x00, 0x00, 
0x10, 0x00, 0x00, 0x00, 0x01, 0x00, 0x00, 0x00, 0x8b, 0xff, 0xff, 0xff, 
0xff, 0xff, 0xff, 0xff, 0x01, 0x00, 0x00, 0x00, 0x88, 0xf7, 0xb2, 0x3d, 
0x32, 0x00, 0x00, 0x00, 0x66, 0x75, 0x6e, 0x63, 0x74, 0x69, 0x6f, 0x6e, 
0x61, 0x6c, 0x5f, 0x31, 0x2f, 0x62, 0x61, 0x74, 0x63, 0x68, 0x5f, 0x6e, 
0x6f, 0x72, 0x6d, 0x61, 0x6c, 0x69, 0x7a, 0x61, 0x74, 0x69, 0x6f, 0x6e, 
0x5f, 0x31, 0x2f, 0x62, 0x61, 0x74, 0x63, 0x68, 0x6e, 0x6f, 0x72, 0x6d, 
0x2f, 0x6d, 0x75, 0x6c, 0x5f, 0x31, 0x00, 0x00, 0x03, 0x00, 0x00, 0x00, 
0x01, 0x00, 0x00, 0x00, 0x40, 0x00, 0x00, 0x00, 0x30, 0x00, 0x00, 0x00, 
0xaa, 0xe3, 0xff, 0xff, 0x00, 0x00, 0x00, 0x01, 0x18, 0x00, 0x00, 0x00, 
0x24, 0x00, 0x00, 0x00, 0x40, 0x00, 0x00, 0x00, 0x1b, 0x00, 0x00, 0x00, 
0x00, 0x00, 0x00, 0x09, 0x5c, 0x00, 0x00, 0x00, 0x03, 0x00, 0x00, 0x00, 
0xff, 0xff, 0xff, 0xff, 0x40, 0x00, 0x00, 0x00, 0x30, 0x00, 0x00, 0x00, 
0x94, 0xe3, 0xff, 0xff, 0x08, 0x00, 0x00, 0x00, 0x10, 0x00, 0x00, 0x00, 
0x01, 0x00, 0x00, 0x00, 0x80, 0xff, 0xff, 0xff, 0xff, 0xff, 0xff, 0xff, 
0x01, 0x00, 0x00, 0x00, 0xcf, 0x97, 0xaa, 0x3d, 0x21, 0x00, 0x00, 0x00, 
0x66, 0x75, 0x6e, 0x63, 0x74, 0x69, 0x6f, 0x6e, 0x61, 0x6c, 0x5f, 0x31, 
0x2f, 0x63, 0x6f, 0x6e, 0x63, 0x61, 0x74, 0x65, 0x6e, 0x61, 0x74, 0x65, 
0x5f, 0x31, 0x2f, 0x63, 0x6f, 0x6e, 0x63, 0x61, 0x74, 0x00, 0x00, 0x00, 
0x03, 0x00, 0x00, 0x00, 0x01, 0x00, 0x00, 0x00, 0x40, 0x00, 0x00, 0x00, 
0x30, 0x00, 0x00, 0x00, 0x32, 0xe4, 0xff, 0xff, 0x00, 0x00, 0x00, 0x01, 
0x18, 0x00, 0x00, 0x00, 0x24, 0x00, 0x00, 0x00, 0x44, 0x00, 0x00, 0x00, 
0x1a, 0x00, 0x00, 0x00, 0x00, 0x00, 0x00, 0x09, 0xc8, 0x00, 0x00, 0x00, 
0x03, 0x00, 0x00, 0x00, 0xff, 0xff, 0xff, 0xff, 0x40, 0x00, 0x00, 0x00, 
0x10, 0x00, 0x00, 0x00, 0x1c, 0xe4, 0xff, 0xff, 0x08, 0x00, 0x00, 0x00, 
0x14, 0x00, 0x00, 0x00, 0x01, 0x00, 0x00, 0x00, 0x80, 0xff, 0xff, 0xff, 
0xff, 0xff, 0xff, 0xff, 0x00, 0x00, 0x00, 0x00, 0x01, 0x00, 0x00, 0x00, 
0xcf, 0x97, 0xaa, 0x3d, 0x88, 0x00, 0x00, 0x00, 0x66, 0x75, 0x6e, 0x63, 
0x74, 0x69, 0x6f, 0x6e, 0x61, 0x6c, 0x5f, 0x31, 0x2f, 0x63, 0x6f, 0x6e, 
0x76, 0x31, 0x64, 0x5f, 0x32, 0x5f, 0x31, 0x2f, 0x52, 0x65, 0x6c, 0x75, 
0x3b, 0x66, 0x75, 0x6e, 0x63, 0x74, 0x69, 0x6f, 0x6e, 0x61, 0x6c, 0x5f, 
0x31, 0x2f, 0x63, 0x6f, 0x6e, 0x76, 0x31, 0x64, 0x5f, 0x32, 0x5f, 0x31, 
0x2f, 0x42, 0x69, 0x61, 0x73, 0x41, 0x64, 0x64, 0x3b, 0x66, 0x75, 0x6e, 
0x63, 0x74, 0x69, 0x6f, 0x6e, 0x61, 0x6c, 0x5f, 0x31, 0x2f, 0x63, 0x6f, 
0x6e, 0x76, 0x31, 0x64, 0x5f, 0x32, 0x5f, 0x31, 0x2f, 0x63, 0x6f, 0x6e, 
0x76, 0x6f, 0x6c, 0x75, 0x74, 0x69, 0x6f, 0x6e, 0x2f, 0x53, 0x71, 0x75, 
0x65, 0x65, 0x7a, 0x65, 0x3b, 0x66, 0x75, 0x6e, 0x63, 0x74, 0x69, 0x6f, 
0x6e, 0x61, 0x6c, 0x5f, 0x31, 0x2f, 0x63, 0x6f, 0x6e, 0x76, 0x31, 0x64, 
0x5f, 0x32, 0x5f, 0x31, 0x2f, 0x53, 0x71, 0x75, 0x65, 0x65, 0x7a, 0x65, 
0x00, 0x00, 0x00, 0x00, 0x03, 0x00, 0x00, 0x00, 0x01, 0x00, 0x00, 0x00, 
0x40, 0x00, 0x00, 0x00, 0x10, 0x00, 0x00, 0x00, 0x26, 0xe5, 0xff, 0xff, 
0x00, 0x00, 0x00, 0x01, 0x18, 0x00, 0x00, 0x00, 0x28, 0x00, 0x00, 0x00, 
0x44, 0x00, 0x00, 0x00, 0x19, 0x00, 0x00, 0x00, 0x00, 0x00, 0x00, 0x09, 
0xec, 0x00, 0x00, 0x00, 0x04, 0x00, 0x00, 0x00, 0xff, 0xff, 0xff, 0xff, 
0x01, 0x00, 0x00, 0x00, 0x40, 0x00, 0x00, 0x00, 0x10, 0x00, 0x00, 0x00, 
0x14, 0xe5, 0xff, 0xff, 0x08, 0x00, 0x00, 0x00, 0x10, 0x00, 0x00, 0x00, 
0x01, 0x00, 0x00, 0x00, 0x80, 0xff, 0xff, 0xff, 0xff, 0xff, 0xff, 0xff, 
0x01, 0x00, 0x00, 0x00, 0xcf, 0x97, 0xaa, 0x3d, 0xad, 0x00, 0x00, 0x00, 
0x66, 0x75, 0x6e, 0x63, 0x74, 0x69, 0x6f, 0x6e, 0x61, 0x6c, 0x5f, 0x31, 
0x2f, 0x63, 0x6f, 0x6e, 0x76, 0x31, 0x64, 0x5f, 0x32, 0x5f, 0x31, 0x2f, 
0x52, 0x65, 0x6c, 0x75, 0x3b, 0x66, 0x75, 0x6e, 0x63, 0x74, 0x69, 0x6f, 
0x6e, 0x61, 0x6c, 0x5f, 0x31, 0x2f, 0x63, 0x6f, 0x6e, 0x76, 0x31, 0x64, 
0x5f, 0x32, 0x5f, 0x31, 0x2f, 0x42, 0x69, 0x61, 0x73, 0x41, 0x64, 0x64, 
0x3b, 0x66, 0x75, 0x6e, 0x63, 0x74, 0x69, 0x6f, 0x6e, 0x61, 0x6c, 0x5f, 
0x31, 0x2f, 0x63, 0x6f, 0x6e, 0x76, 0x31, 0x64, 0x5f, 0x32, 0x5f, 0x31, 
0x2f, 0x63, 0x6f, 0x6e, 0x76, 0x6f, 0x6c, 0x75, 0x74, 0x69, 0x6f, 0x6e, 
0x2f, 0x53, 0x71, 0x75, 0x65, 0x65, 0x7a, 0x65, 0x3b, 0x66, 0x75, 0x6e, 
0x63, 0x74, 0x69, 0x6f, 0x6e, 0x61, 0x6c, 0x5f, 0x31, 0x2f, 0x63, 0x6f, 
0x6e, 0x76, 0x31, 0x64, 0x5f, 0x32, 0x5f, 0x31, 0x2f, 0x53, 0x71, 0x75, 
0x65, 0x65, 0x7a, 0x65, 0x3b, 0x66, 0x75, 0x6e, 0x63, 0x74, 0x69, 0x6f, 
0x6e, 0x61, 0x6c, 0x5f, 0x31, 0x2f, 0x63, 0x6f, 0x6e, 0x76, 0x31, 0x64, 
0x5f, 0x32, 0x5f, 0x31, 0x2f, 0x63, 0x6f, 0x6e, 0x76, 0x6f, 0x6c, 0x75, 
0x74, 0x69, 0x6f, 0x6e, 0x31, 0x00, 0x00, 0x00, 0x04, 0x00, 0x00, 0x00, 
0x01, 0x00, 0x00, 0x00, 0x01, 0x00, 0x00, 0x00, 0x40, 0x00, 0x00, 0x00, 
0x10, 0x00, 0x00, 0x00, 0x42, 0xe6, 0xff, 0xff, 0x00, 0x00, 0x00, 0x01, 
0x18, 0x00, 0x00, 0x00, 0x24, 0x00, 0x00, 0x00, 0x44, 0x00, 0x00, 0x00, 
0x18, 0x00, 0x00, 0x00, 0x00, 0x00, 0x00, 0x09, 0xc8, 0x00, 0x00, 0x00, 
0x03, 0x00, 0x00, 0x00, 0xff, 0xff, 0xff, 0xff, 0x40, 0x00, 0x00, 0x00, 
0x10, 0x00, 0x00, 0x00, 0x2c, 0xe6, 0xff, 0xff, 0x08, 0x00, 0x00, 0x00, 
0x14, 0x00, 0x00, 0x00, 0x01, 0x00, 0x00, 0x00, 0x80, 0xff, 0xff, 0xff, 
0xff, 0xff, 0xff, 0xff, 0x00, 0x00, 0x00, 0x00, 0x01, 0x00, 0x00, 0x00, 
0xcf, 0x97, 0xaa, 0x3d, 0x88, 0x00, 0x00, 0x00, 0x66, 0x75, 0x6e, 0x63, 
0x74, 0x69, 0x6f, 0x6e, 0x61, 0x6c, 0x5f, 0x31, 0x2f, 0x63, 0x6f, 0x6e, 
0x76, 0x31, 0x64, 0x5f, 0x31, 0x5f, 0x32, 0x2f, 0x52, 0x65, 0x6c, 0x75, 
0x3b, 0x66, 0x75, 0x6e, 0x63, 0x74, 0x69, 0x6f, 0x6e, 0x61, 0x6c, 0x5f, 
0x31, 0x2f, 0x63, 0x6f, 0x6e, 0x76, 0x31, 0x64, 0x5f, 0x31, 0x5f, 0x32, 
0x2f, 0x42, 0x69, 0x61, 0x73, 0x41, 0x64, 0x64, 0x3b, 0x66, 0x75, 0x6e, 
0x63, 0x74, 0x69, 0x6f, 0x6e, 0x61, 0x6c, 0x5f, 0x31, 0x2f, 0x63, 0x6f, 
0x6e, 0x76, 0x31, 0x64, 0x5f, 0x31, 0x5f, 0x32, 0x2f, 0x63, 0x6f, 0x6e, 
0x76, 0x6f, 0x6c, 0x75, 0x74, 0x69, 0x6f, 0x6e, 0x2f, 0x53, 0x71, 0x75, 
0x65, 0x65, 0x7a, 0x65, 0x3b, 0x66, 0x75, 0x6e, 0x63, 0x74, 0x69, 0x6f, 
0x6e, 0x61, 0x6c, 0x5f, 0x31, 0x2f, 0x63, 0x6f, 0x6e, 0x76, 0x31, 0x64, 
0x5f, 0x31, 0x5f, 0x32, 0x2f, 0x53, 0x71, 0x75, 0x65, 0x65, 0x7a, 0x65, 
0x00, 0x00, 0x00, 0x00, 0x03, 0x00, 0x00, 0x00, 0x01, 0x00, 0x00, 0x00, 
0x40, 0x00, 0x00, 0x00, 0x10, 0x00, 0x00, 0x00, 0x36, 0xe7, 0xff, 0xff, 
0x00, 0x00, 0x00, 0x01, 0x18, 0x00, 0x00, 0x00, 0x28, 0x00, 0x00, 0x00, 
0x44, 0x00, 0x00, 0x00, 0x17, 0x00, 0x00, 0x00, 0x00, 0x00, 0x00, 0x09, 
0xec, 0x00, 0x00, 0x00, 0x04, 0x00, 0x00, 0x00, 0xff, 0xff, 0xff, 0xff, 
0x01, 0x00, 0x00, 0x00, 0x40, 0x00, 0x00, 0x00, 0x10, 0x00, 0x00, 0x00, 
0x24, 0xe7, 0xff, 0xff, 0x08, 0x00, 0x00, 0x00, 0x10, 0x00, 0x00, 0x00, 
0x01, 0x00, 0x00, 0x00, 0x80, 0xff, 0xff, 0xff, 0xff, 0xff, 0xff, 0xff, 
0x01, 0x00, 0x00, 0x00, 0xcf, 0x97, 0xaa, 0x3d, 0xad, 0x00, 0x00, 0x00, 
0x66, 0x75, 0x6e, 0x63, 0x74, 0x69, 0x6f, 0x6e, 0x61, 0x6c, 0x5f, 0x31, 
0x2f, 0x63, 0x6f, 0x6e, 0x76, 0x31, 0x64, 0x5f, 0x31, 0x5f, 0x32, 0x2f, 
0x52, 0x65, 0x6c, 0x75, 0x3b, 0x66, 0x75, 0x6e, 0x63, 0x74, 0x69, 0x6f, 
0x6e, 0x61, 0x6c, 0x5f, 0x31, 0x2f, 0x63, 0x6f, 0x6e, 0x76, 0x31, 0x64, 
0x5f, 0x31, 0x5f, 0x32, 0x2f, 0x42, 0x69, 0x61, 0x73, 0x41, 0x64, 0x64, 
0x3b, 0x66, 0x75, 0x6e, 0x63, 0x74, 0x69, 0x6f, 0x6e, 0x61, 0x6c, 0x5f, 
0x31, 0x2f, 0x63, 0x6f, 0x6e, 0x76, 0x31, 0x64, 0x5f, 0x31, 0x5f, 0x32, 
0x2f, 0x63, 0x6f, 0x6e, 0x76, 0x6f, 0x6c, 0x75, 0x74, 0x69, 0x6f, 0x6e, 
0x2f, 0x53, 0x71, 0x75, 0x65, 0x65, 0x7a, 0x65, 0x3b, 0x66, 0x75, 0x6e, 
0x63, 0x74, 0x69, 0x6f, 0x6e, 0x61, 0x6c, 0x5f, 0x31, 0x2f, 0x63, 0x6f, 
0x6e, 0x76, 0x31, 0x64, 0x5f, 0x31, 0x5f, 0x32, 0x2f, 0x53, 0x71, 0x75, 
0x65, 0x65, 0x7a, 0x65, 0x3b, 0x66, 0x75, 0x6e, 0x63, 0x74, 0x69, 0x6f, 
0x6e, 0x61, 0x6c, 0x5f, 0x31, 0x2f, 0x63, 0x6f, 0x6e, 0x76, 0x31, 0x64, 
0x5f, 0x31, 0x5f, 0x32, 0x2f, 0x63, 0x6f, 0x6e, 0x76, 0x6f, 0x6c, 0x75, 
0x74, 0x69, 0x6f, 0x6e, 0x31, 0x00, 0x00, 0x00, 0x04, 0x00, 0x00, 0x00, 
0x01, 0x00, 0x00, 0x00, 0x01, 0x00, 0x00, 0x00, 0x40, 0x00, 0x00, 0x00, 
0x10, 0x00, 0x00, 0x00, 0x52, 0xe8, 0xff, 0xff, 0x00, 0x00, 0x00, 0x01, 
0x18, 0x00, 0x00, 0x00, 0x24, 0x00, 0x00, 0x00, 0x44, 0x00, 0x00, 0x00, 
0x16, 0x00, 0x00, 0x00, 0x00, 0x00, 0x00, 0x09, 0xc0, 0x00, 0x00, 0x00, 
0x03, 0x00, 0x00, 0x00, 0xff, 0xff, 0xff, 0xff, 0x40, 0x00, 0x00, 0x00, 
0x10, 0x00, 0x00, 0x00, 0x3c, 0xe8, 0xff, 0xff, 0x08, 0x00, 0x00, 0x00, 
0x14, 0x00, 0x00, 0x00, 0x01, 0x00, 0x00, 0x00, 0x80, 0xff, 0xff, 0xff, 
0xff, 0xff, 0xff, 0xff, 0x00, 0x00, 0x00, 0x00, 0x01, 0x00, 0x00, 0x00, 
0xcf, 0x97, 0xaa, 0x3d, 0x80, 0x00, 0x00, 0x00, 0x66, 0x75, 0x6e, 0x63, 
0x74, 0x69, 0x6f, 0x6e, 0x61, 0x6c, 0x5f, 0x31, 0x2f, 0x63, 0x6f, 0x6e, 
0x76, 0x31, 0x64, 0x5f, 0x31, 0x2f, 0x52, 0x65, 0x6c, 0x75, 0x3b, 0x66, 
0x75, 0x6e, 0x63, 0x74, 0x69, 0x6f, 0x6e, 0x61, 0x6c, 0x5f, 0x31, 0x2f, 
0x63, 0x6f, 0x6e, 0x76, 0x31, 0x64, 0x5f, 0x31, 0x2f, 0x42, 0x69, 0x61, 
0x73, 0x41, 0x64, 0x64, 0x3b, 0x66, 0x75, 0x6e, 0x63, 0x74, 0x69, 0x6f, 
0x6e, 0x61, 0x6c, 0x5f, 0x31, 0x2f, 0x63, 0x6f, 0x6e, 0x76, 0x31, 0x64, 
0x5f, 0x31, 0x2f, 0x63, 0x6f, 0x6e, 0x76, 0x6f, 0x6c, 0x75, 0x74, 0x69, 
0x6f, 0x6e, 0x2f, 0x53, 0x71, 0x75, 0x65, 0x65, 0x7a, 0x65, 0x3b, 0x66, 
0x75, 0x6e, 0x63, 0x74, 0x69, 0x6f, 0x6e, 0x61, 0x6c, 0x5f, 0x31, 0x2f, 
0x63, 0x6f, 0x6e, 0x76, 0x31, 0x64, 0x5f, 0x31, 0x2f, 0x53, 0x71, 0x75, 
0x65, 0x65, 0x7a, 0x65, 0x00, 0x00, 0x00, 0x00, 0x03, 0x00, 0x00, 0x00, 
0x01, 0x00, 0x00, 0x00, 0x40, 0x00, 0x00, 0x00, 0x10, 0x00, 0x00, 0x00, 
0x3e, 0xe9, 0xff, 0xff, 0x00, 0x00, 0x00, 0x01, 0x18, 0x00, 0x00, 0x00, 
0x28, 0x00, 0x00, 0x00, 0x44, 0x00, 0x00, 0x00, 0x15, 0x00, 0x00, 0x00, 
0x00, 0x00, 0x00, 0x09, 0xe0, 0x00, 0x00, 0x00, 0x04, 0x00, 0x00, 0x00, 
0xff, 0xff, 0xff, 0xff, 0x01, 0x00, 0x00, 0x00, 0x40, 0x00, 0x00, 0x00, 
0x10, 0x00, 0x00, 0x00, 0x2c, 0xe9, 0xff, 0xff, 0x08, 0x00, 0x00, 0x00, 
0x10, 0x00, 0x00, 0x00, 0x01, 0x00, 0x00, 0x00, 0x80, 0xff, 0xff, 0xff, 
0xff, 0xff, 0xff, 0xff, 0x01, 0x00, 0x00, 0x00, 0xcf, 0x97, 0xaa, 0x3d, 
0xa3, 0x00, 0x00, 0x00, 0x66, 0x75, 0x6e, 0x63, 0x74, 0x69, 0x6f, 0x6e, 
0x61, 0x6c, 0x5f, 0x31, 0x2f, 0x63, 0x6f, 0x6e, 0x76, 0x31, 0x64, 0x5f, 
0x31, 0x2f, 0x52, 0x65, 0x6c, 0x75, 0x3b, 0x66, 0x75, 0x6e, 0x63, 0x74, 
0x69, 0x6f, 0x6e, 0x61, 0x6c, 0x5f, 0x31, 0x2f, 0x63, 0x6f, 0x6e, 0x76, 
0x31, 0x64, 0x5f, 0x31, 0x2f, 0x42, 0x69, 0x61, 0x73, 0x41, 0x64, 0x64, 
0x3b, 0x66, 0x75, 0x6e, 0x63, 0x74, 0x69, 0x6f, 0x6e, 0x61, 0x6c, 0x5f, 
0x31, 0x2f, 0x63, 0x6f, 0x6e, 0x76, 0x31, 0x64, 0x5f, 0x31, 0x2f, 0x63, 
0x6f, 0x6e, 0x76, 0x6f, 0x6c, 0x75, 0x74, 0x69, 0x6f, 0x6e, 0x2f, 0x53, 
0x71, 0x75, 0x65, 0x65, 0x7a, 0x65, 0x3b, 0x66, 0x75, 0x6e, 0x63, 0x74, 
0x69, 0x6f, 0x6e, 0x61, 0x6c, 0x5f, 0x31, 0x2f, 0x63, 0x6f, 0x6e, 0x76, 
0x31, 0x64, 0x5f, 0x31, 0x2f, 0x53, 0x71, 0x75, 0x65, 0x65, 0x7a, 0x65, 
0x3b, 0x66, 0x75, 0x6e, 0x63, 0x74, 0x69, 0x6f, 0x6e, 0x61, 0x6c, 0x5f, 
0x31, 0x2f, 0x63, 0x6f, 0x6e, 0x76, 0x31, 0x64, 0x5f, 0x31, 0x2f, 0x63, 
0x6f, 0x6e, 0x76, 0x6f, 0x6c, 0x75, 0x74, 0x69, 0x6f, 0x6e, 0x31, 0x00, 
0x04, 0x00, 0x00, 0x00, 0x01, 0x00, 0x00, 0x00, 0x01, 0x00, 0x00, 0x00, 
0x40, 0x00, 0x00, 0x00, 0x10, 0x00, 0x00, 0x00, 0x4e, 0xea, 0xff, 0xff, 
0x00, 0x00, 0x00, 0x01, 0x18, 0x00, 0x00, 0x00, 0x28, 0x00, 0x00, 0x00, 
0x48, 0x00, 0x00, 0x00, 0x14, 0x00, 0x00, 0x00, 0x00, 0x00, 0x00, 0x09, 
0x70, 0x00, 0x00, 0x00, 0x04, 0x00, 0x00, 0x00, 0xff, 0xff, 0xff, 0xff, 
0x01, 0x00, 0x00, 0x00, 0x40, 0x00, 0x00, 0x00, 0x09, 0x00, 0x00, 0x00, 
0x3c, 0xea, 0xff, 0xff, 0x08, 0x00, 0x00, 0x00, 0x14, 0x00, 0x00, 0x00, 
0x01, 0x00, 0x00, 0x00, 0xff, 0xff, 0xff, 0xff, 0xff, 0xff, 0xff, 0xff, 
0x00, 0x00, 0x00, 0x00, 0x01, 0x00, 0x00, 0x00, 0x81, 0x80, 0x80, 0x3c, 
0x2c, 0x00, 0x00, 0x00, 0x66, 0x75, 0x6e, 0x63, 0x74, 0x69, 0x6f, 0x6e, 
0x61, 0x6c, 0x5f, 0x31, 0x2f, 0x63, 0x6f, 0x6e, 0x76, 0x31, 0x64, 0x5f, 
0x31, 0x2f, 0x63, 0x6f, 0x6e, 0x76, 0x6f, 0x6c, 0x75, 0x74, 0x69, 0x6f, 
0x6e, 0x2f, 0x45, 0x78, 0x70, 0x61, 0x6e, 0x64, 0x44, 0x69, 0x6d, 0x73, 
0x00, 0x00, 0x00, 0x00, 0x04, 0x00, 0x00, 0x00, 0x01, 0x00, 0x00, 0x00, 
0x01, 0x00, 0x00, 0x00, 0x40, 0x00, 0x00, 0x00, 0x09, 0x00, 0x00, 0x00, 
0x42, 0xeb, 0xff, 0xff, 0x00, 0x00, 0x00, 0x01, 0x14, 0x00, 0x00, 0x00, 
0xe8, 0x00, 0x00, 0x00, 0x13, 0x00, 0x00, 0x00, 0x00, 0x00, 0x00, 0x09, 
0x04, 0x01, 0x00, 0x00, 0xc4, 0xea, 0xff, 0xff, 0x08, 0x00, 0x00, 0x00, 
0x8c, 0x00, 0x00, 0x00, 0x10, 0x00, 0x00, 0x00, 0x00, 0x00, 0x00, 0x00, 
0x00, 0x00, 0x00, 0x00, 0x00, 0x00, 0x00, 0x00, 0x00, 0x00, 0x00, 0x00, 
0x00, 0x00, 0x00, 0x00, 0x00, 0x00, 0x00, 0x00, 0x00, 0x00, 0x00, 0x00, 
0x00, 0x00, 0x00, 0x00, 0x00, 0x00, 0x00, 0x00, 0x00, 0x00, 0x00, 0x00, 
0x00, 0x00, 0x00, 0x00, 0x00, 0x00, 0x00, 0x00, 0x00, 0x00, 0x00, 0x00, 
0x00, 0x00, 0x00, 0x00, 0x00, 0x00, 0x00, 0x00, 0x00, 0x00, 0x00, 0x00, 
0x00, 0x00, 0x00, 0x00, 0x00, 0x00, 0x00, 0x00, 0x00, 0x00, 0x00, 0x00, 
0x00, 0x00, 0x00, 0x00, 0x00, 0x00, 0x00, 0x00, 0x00, 0x00, 0x00, 0x00, 
0x00, 0x00, 0x00, 0x00, 0x00, 0x00, 0x00, 0x00, 0x00, 0x00, 0x00, 0x00, 
0x00, 0x00, 0x00, 0x00, 0x00, 0x00, 0x00, 0x00, 0x00, 0x00, 0x00, 0x00, 
0x00, 0x00, 0x00, 0x00, 0x00, 0x00, 0x00, 0x00, 0x00, 0x00, 0x00, 0x00, 
0x00, 0x00, 0x00, 0x00, 0x00, 0x00, 0x00, 0x00, 0x10, 0x00, 0x00, 0x00, 
0xc8, 0x28, 0x3c, 0x3b, 0xcd, 0x9a, 0xec, 0x3b, 0xf7, 0xf3, 0x3b, 0x3b, 
0x7a, 0x8a, 0x1c, 0x3b, 0x4e, 0xee, 0x95, 0x3b, 0xd4, 0x13, 0x88, 0x3b, 
0x75, 0x3b, 0x89, 0x3b, 0xe3, 0xa5, 0xab, 0x3b, 0xc5, 0xb6, 0x87, 0x3b, 
0xf9, 0xb4, 0x99, 0x3b, 0x4c, 0x71, 0x4b, 0x3b, 0x22, 0x3d, 0x60, 0x3b, 
0xfc, 0x96, 0xa0, 0x3b, 0x4d, 0x3e, 0x20, 0x3b, 0xc5, 0x8b, 0x87, 0x3b, 
0x29, 0x32, 0x44, 0x3b, 0x21, 0x00, 0x00, 0x00, 0x66, 0x75, 0x6e, 0x63, 
0x74, 0x69, 0x6f, 0x6e, 0x61, 0x6c, 0x5f, 0x31, 0x2f, 0x63, 0x6f, 0x6e, 
0x76, 0x31, 0x64, 0x5f, 0x31, 0x2f, 0x63, 0x6f, 0x6e, 0x76, 0x6f, 0x6c, 
0x75, 0x74, 0x69, 0x6f, 0x6e, 0x00, 0x00, 0x00, 0x04, 0x00, 0x00, 0x00, 
0x10, 0x00, 0x00, 0x00, 0x01, 0x00, 0x00, 0x00, 0x03, 0x00, 0x00, 0x00, 
0x09, 0x00, 0x00, 0x00, 0x72, 0xec, 0xff, 0xff, 0x00, 0x00, 0x00, 0x01, 
0x14, 0x00, 0x00, 0x00, 0xe4, 0x00, 0x00, 0x00, 0x12, 0x00, 0x00, 0x00, 
0x00, 0x00, 0x00, 0x02, 0x80, 0x01, 0x00, 0x00, 0xf4, 0xeb, 0xff, 0xff, 
0x08, 0x00, 0x00, 0x00, 0x88, 0x00, 0x00, 0x00, 0x10, 0x00, 0x00, 0x00, 
0x00, 0x00, 0x00, 0x00, 0x00, 0x00, 0x00, 0x00, 0x00, 0x00, 0x00, 0x00, 
0x00, 0x00, 0x00, 0x00, 0x00, 0x00, 0x00, 0x00, 0x00, 0x00, 0x00, 0x00, 
0x00, 0x00, 0x00, 0x00, 0x00, 0x00, 0x00, 0x00, 0x00, 0x00, 0x00, 0x00, 
0x00, 0x00, 0x00, 0x00, 0x00, 0x00, 0x00, 0x00, 0x00, 0x00, 0x00, 0x00, 
0x00, 0x00, 0x00, 0x00, 0x00, 0x00, 0x00, 0x00, 0x00, 0x00, 0x00, 0x00, 
0x00, 0x00, 0x00, 0x00, 0x00, 0x00, 0x00, 0x00, 0x00, 0x00, 0x00, 0x00, 
0x00, 0x00, 0x00, 0x00, 0x00, 0x00, 0x00, 0x00, 0x00, 0x00, 0x00, 0x00, 
0x00, 0x00, 0x00, 0x00, 0x00, 0x00, 0x00, 0x00, 0x00, 0x00, 0x00, 0x00, 
0x00, 0x00, 0x00, 0x00, 0x00, 0x00, 0x00, 0x00, 0x00, 0x00, 0x00, 0x00, 
0x00, 0x00, 0x00, 0x00, 0x00, 0x00, 0x00, 0x00, 0x00, 0x00, 0x00, 0x00, 
0x00, 0x00, 0x00, 0x00, 0x00, 0x00, 0x00, 0x00, 0x10, 0x00, 0x00, 0x00, 
0xae, 0xe5, 0x3c, 0x38, 0x56, 0x88, 0xed, 0x38, 0xa8, 0xb0, 0x3c, 0x38, 
0xa2, 0x27, 0x1d, 0x38, 0xd3, 0x84, 0x96, 0x38, 0x71, 0x9c, 0x88, 0x38, 
0x3b, 0xc5, 0x89, 0x38, 0x36, 0x52, 0xac, 0x38, 0x05, 0x3f, 0x88, 0x38, 
0x49, 0x4f, 0x9a, 0x38, 0x8a, 0x3d, 0x4c, 0x38, 0x41, 0x1e, 0x61, 0x38, 
0x35, 0x38, 0xa1, 0x38, 0x2d, 0xdf, 0x20, 0x38, 0xd9, 0x13, 0x88, 0x38, 
0x21, 0xf7, 0x44, 0x38, 0xa2, 0x00, 0x00, 0x00, 0x66, 0x75, 0x6e, 0x63, 
0x74, 0x69, 0x6f, 0x6e, 0x61, 0x6c, 0x5f, 0x31, 0x2f, 0x63, 0x6f, 0x6e, 
0x76, 0x31, 0x64, 0x5f, 0x31, 0x2f, 0x52, 0x65, 0x6c, 0x75, 0x3b, 0x66, 
0x75, 0x6e, 0x63, 0x74, 0x69, 0x6f, 0x6e, 0x61, 0x6c, 0x5f, 0x31, 0x2f, 
0x63, 0x6f, 0x6e, 0x76, 0x31, 0x64, 0x5f, 0x31, 0x2f, 0x42, 0x69, 0x61, 
0x73, 0x41, 0x64, 0x64, 0x3b, 0x66, 0x75, 0x6e, 0x63, 0x74, 0x69, 0x6f, 
0x6e, 0x61, 0x6c, 0x5f, 0x31, 0x2f, 0x63, 0x6f, 0x6e, 0x76, 0x31, 0x64, 
0x5f, 0x31, 0x2f, 0x63, 0x6f, 0x6e, 0x76, 0x6f, 0x6c, 0x75, 0x74, 0x69, 
0x6f, 0x6e, 0x2f, 0x53, 0x71, 0x75, 0x65, 0x65, 0x7a, 0x65, 0x3b, 0x66, 
0x75, 0x6e, 0x63, 0x74, 0x69, 0x6f, 0x6e, 0x61, 0x6c, 0x5f, 0x31, 0x2f, 
0x63, 0x6f, 0x6e, 0x76, 0x31, 0x64, 0x5f, 0x31, 0x2f, 0x53, 0x71, 0x75, 
0x65, 0x65, 0x7a, 0x65, 0x3b, 0x66, 0x75, 0x6e, 0x63, 0x74, 0x69, 0x6f, 
0x6e, 0x61, 0x6c, 0x5f, 0x31, 0x2f, 0x63, 0x6f, 0x6e, 0x76, 0x31, 0x64, 
0x5f, 0x31, 0x2f, 0x63, 0x6f, 0x6e, 0x76, 0x6f, 0x6c, 0x75, 0x74, 0x69, 
0x6f, 0x6e, 0x00, 0x00, 0x01, 0x00, 0x00, 0x00, 0x10, 0x00, 0x00, 0x00, 
0x12, 0xee, 0xff, 0xff, 0x00, 0x00, 0x00, 0x01, 0x14, 0x00, 0x00, 0x00, 
0xe8, 0x00, 0x00, 0x00, 0x11, 0x00, 0x00, 0x00, 0x00, 0x00, 0x00, 0x09, 
0x04, 0x01, 0x00, 0x00, 0x94, 0xed, 0xff, 0xff, 0x08, 0x00, 0x00, 0x00, 
0x8c, 0x00, 0x00, 0x00, 0x10, 0x00, 0x00, 0x00, 0x00, 0x00, 0x00, 0x00, 
0x00, 0x00, 0x00, 0x00, 0x00, 0x00, 0x00, 0x00, 0x00, 0x00, 0x00, 0x00, 
0x00, 0x00, 0x00, 0x00, 0x00, 0x00, 0x00, 0x00, 0x00, 0x00, 0x00, 0x00, 
0x00, 0x00, 0x00, 0x00, 0x00, 0x00, 0x00, 0x00, 0x00, 0x00, 0x00, 0x00, 
0x00, 0x00, 0x00, 0x00, 0x00, 0x00, 0x00, 0x00, 0x00, 0x00, 0x00, 0x00, 
0x00, 0x00, 0x00, 0x00, 0x00, 0x00, 0x00, 0x00, 0x00, 0x00, 0x00, 0x00, 
0x00, 0x00, 0x00, 0x00, 0x00, 0x00, 0x00, 0x00, 0x00, 0x00, 0x00, 0x00, 
0x00, 0x00, 0x00, 0x00, 0x00, 0x00, 0x00, 0x00, 0x00, 0x00, 0x00, 0x00, 
0x00, 0x00, 0x00, 0x00, 0x00, 0x00, 0x00, 0x00, 0x00, 0x00, 0x00, 0x00, 
0x00, 0x00, 0x00, 0x00, 0x00, 0x00, 0x00, 0x00, 0x00, 0x00, 0x00, 0x00, 
0x00, 0x00, 0x00, 0x00, 0x00, 0x00, 0x00, 0x00, 0x00, 0x00, 0x00, 0x00, 
0x00, 0x00, 0x00, 0x00, 0x00, 0x00, 0x00, 0x00, 0x10, 0x00, 0x00, 0x00, 
0x7a, 0x69, 0x3a, 0x3b, 0x51, 0xda, 0x4e, 0x3b, 0x2a, 0x21, 0xc3, 0x3b, 
0x54, 0xf2, 0x8a, 0x3b, 0x7a, 0x9b, 0x7f, 0x3b, 0x56, 0x85, 0x8e, 0x3b, 
0xb7, 0x53, 0x5c, 0x3b, 0xeb, 0xe3, 0xa1, 0x3b, 0x15, 0x70, 0xb9, 0x3b, 
0x09, 0xa3, 0x7c, 0x3b, 0xeb, 0x4f, 0x39, 0x3b, 0xce, 0x94, 0xbd, 0x3b, 
0x69, 0xcb, 0x94, 0x3b, 0x83, 0xb6, 0x67, 0x3b, 0xa3, 0x63, 0x39, 0x3b, 
0x16, 0x8a, 0x6f, 0x3b, 0x23, 0x00, 0x00, 0x00, 0x66, 0x75, 0x6e, 0x63, 
0x74, 0x69, 0x6f, 0x6e, 0x61, 0x6c, 0x5f, 0x31, 0x2f, 0x63, 0x6f, 0x6e, 
0x76, 0x31, 0x64, 0x5f, 0x31, 0x5f, 0x32, 0x2f, 0x63, 0x6f, 0x6e, 0x76, 
0x6f, 0x6c, 0x75, 0x74, 0x69, 0x6f, 0x6e, 0x00, 0x04, 0x00, 0x00, 0x00, 
0x10, 0x00, 0x00, 0x00, 0x01, 0x00, 0x00, 0x00, 0x05, 0x00, 0x00, 0x00, 
0x09, 0x00, 0x00, 0x00, 0x42, 0xef, 0xff, 0xff, 0x00, 0x00, 0x00, 0x01, 
0x14, 0x00, 0x00, 0x00, 0xe8, 0x00, 0x00, 0x00, 0x10, 0x00, 0x00, 0x00, 
0x00, 0x00, 0x00, 0x02, 0x90, 0x01, 0x00, 0x00, 0xc4, 0xee, 0xff, 0xff, 
0x08, 0x00, 0x00, 0x00, 0x8c, 0x00, 0x00, 0x00, 0x10, 0x00, 0x00, 0x00, 
0x00, 0x00, 0x00, 0x00, 0x00, 0x00, 0x00, 0x00, 0x00, 0x00, 0x00, 0x00, 
0x00, 0x00, 0x00, 0x00, 0x00, 0x00, 0x00, 0x00, 0x00, 0x00, 0x00, 0x00, 
0x00, 0x00, 0x00, 0x00, 0x00, 0x00, 0x00, 0x00, 0x00, 0x00, 0x00, 0x00, 
0x00, 0x00, 0x00, 0x00, 0x00, 0x00, 0x00, 0x00, 0x00, 0x00, 0x00, 0x00, 
0x00, 0x00, 0x00, 0x00, 0x00, 0x00, 0x00, 0x00, 0x00, 0x00, 0x00, 0x00, 
0x00, 0x00, 0x00, 0x00, 0x00, 0x00, 0x00, 0x00, 0x00, 0x00, 0x00, 0x00, 
0x00, 0x00, 0x00, 0x00, 0x00, 0x00, 0x00, 0x00, 0x00, 0x00, 0x00, 0x00, 
0x00, 0x00, 0x00, 0x00, 0x00, 0x00, 0x00, 0x00, 0x00, 0x00, 0x00, 0x00, 
0x00, 0x00, 0x00, 0x00, 0x00, 0x00, 0x00, 0x00, 0x00, 0x00, 0x00, 0x00, 
0x00, 0x00, 0x00, 0x00, 0x00, 0x00, 0x00, 0x00, 0x00, 0x00, 0x00, 0x00, 
0x00, 0x00, 0x00, 0x00, 0x00, 0x00, 0x00, 0x00, 0x00, 0x00, 0x00, 0x00, 
0x10, 0x00, 0x00, 0x00, 0x9f, 0x24, 0x3b, 0x38, 0xfc, 0xa9, 0x4f, 0x38, 
0x10, 0xe5, 0xc3, 0x38, 0xd2, 0x7d, 0x8b, 0x38, 0x0c, 0x4e, 0x80, 0x38, 
0x6b, 0x14, 0x8f, 0x38, 0xe9, 0x30, 0x5d, 0x38, 0x72, 0x86, 0xa2, 0x38, 
0x40, 0x2a, 0xba, 0x38, 0xab, 0xa0, 0x7d, 0x38, 0xf6, 0x09, 0x3a, 0x38, 
0x22, 0x53, 0xbe, 0x38, 0xca, 0x60, 0x95, 0x38, 0x23, 0x9f, 0x68, 0x38, 
0xc1, 0x1d, 0x3a, 0x38, 0x91, 0x7a, 0x70, 0x38, 0xac, 0x00, 0x00, 0x00, 
0x66, 0x75, 0x6e, 0x63, 0x74, 0x69, 0x6f, 0x6e, 0x61, 0x6c, 0x5f, 0x31, 
0x2f, 0x63, 0x6f, 0x6e, 0x76, 0x31, 0x64, 0x5f, 0x31, 0x5f, 0x32, 0x2f, 
0x52, 0x65, 0x6c, 0x75, 0x3b, 0x66, 0x75, 0x6e, 0x63, 0x74, 0x69, 0x6f, 
0x6e, 0x61, 0x6c, 0x5f, 0x31, 0x2f, 0x63, 0x6f, 0x6e, 0x76, 0x31, 0x64, 
0x5f, 0x31, 0x5f, 0x32, 0x2f, 0x42, 0x69, 0x61, 0x73, 0x41, 0x64, 0x64, 
0x3b, 0x66, 0x75, 0x6e, 0x63, 0x74, 0x69, 0x6f, 0x6e, 0x61, 0x6c, 0x5f, 
0x31, 0x2f, 0x63, 0x6f, 0x6e, 0x76, 0x31, 0x64, 0x5f, 0x31, 0x5f, 0x32, 
0x2f, 0x63, 0x6f, 0x6e, 0x76, 0x6f, 0x6c, 0x75, 0x74, 0x69, 0x6f, 0x6e, 
0x2f, 0x53, 0x71, 0x75, 0x65, 0x65, 0x7a, 0x65, 0x3b, 0x66, 0x75, 0x6e, 
0x63, 0x74, 0x69, 0x6f, 0x6e, 0x61, 0x6c, 0x5f, 0x31, 0x2f, 0x63, 0x6f, 
0x6e, 0x76, 0x31, 0x64, 0x5f, 0x31, 0x5f, 0x32, 0x2f, 0x53, 0x71, 0x75, 
0x65, 0x65, 0x7a, 0x65, 0x3b, 0x66, 0x75, 0x6e, 0x63, 0x74, 0x69, 0x6f, 
0x6e, 0x61, 0x6c, 0x5f, 0x31, 0x2f, 0x63, 0x6f, 0x6e, 0x76, 0x31, 0x64, 
0x5f, 0x31, 0x5f, 0x32, 0x2f, 0x63, 0x6f, 0x6e, 0x76, 0x6f, 0x6c, 0x75, 
0x74, 0x69, 0x6f, 0x6e, 0x00, 0x00, 0x00, 0x00, 0x01, 0x00, 0x00, 0x00, 
0x10, 0x00, 0x00, 0x00, 0xf2, 0xf0, 0xff, 0xff, 0x00, 0x00, 0x00, 0x01, 
0x14, 0x00, 0x00, 0x00, 0xe8, 0x00, 0x00, 0x00, 0x0f, 0x00, 0x00, 0x00, 
0x00, 0x00, 0x00, 0x09, 0x04, 0x01, 0x00, 0x00, 0x74, 0xf0, 0xff, 0xff, 
0x08, 0x00, 0x00, 0x00, 0x8c, 0x00, 0x00, 0x00, 0x10, 0x00, 0x00, 0x00, 
0x00, 0x00, 0x00, 0x00, 0x00, 0x00, 0x00, 0x00, 0x00, 0x00, 0x00, 0x00, 
0x00, 0x00, 0x00, 0x00, 0x00, 0x00, 0x00, 0x00, 0x00, 0x00, 0x00, 0x00, 
0x00, 0x00, 0x00, 0x00, 0x00, 0x00, 0x00, 0x00, 0x00, 0x00, 0x00, 0x00, 
0x00, 0x00, 0x00, 0x00, 0x00, 0x00, 0x00, 0x00, 0x00, 0x00, 0x00, 0x00, 
0x00, 0x00, 0x00, 0x00, 0x00, 0x00, 0x00, 0x00, 0x00, 0x00, 0x00, 0x00, 
0x00, 0x00, 0x00, 0x00, 0x00, 0x00, 0x00, 0x00, 0x00, 0x00, 0x00, 0x00, 
0x00, 0x00, 0x00, 0x00, 0x00, 0x00, 0x00, 0x00, 0x00, 0x00, 0x00, 0x00, 
0x00, 0x00, 0x00, 0x00, 0x00, 0x00, 0x00, 0x00, 0x00, 0x00, 0x00, 0x00, 
0x00, 0x00, 0x00, 0x00, 0x00, 0x00, 0x00, 0x00, 0x00, 0x00, 0x00, 0x00, 
0x00, 0x00, 0x00, 0x00, 0x00, 0x00, 0x00, 0x00, 0x00, 0x00, 0x00, 0x00, 
0x00, 0x00, 0x00, 0x00, 0x00, 0x00, 0x00, 0x00, 0x00, 0x00, 0x00, 0x00, 
0x10, 0x00, 0x00, 0x00, 0xa4, 0x76, 0xcd, 0x3b, 0x8b, 0x82, 0x76, 0x3b, 
0x57, 0xbe, 0x31, 0x3b, 0xfc, 0x94, 0xa7, 0x3b, 0xdf, 0x7d, 0x9d, 0x3b, 
0x5d, 0x7b, 0x05, 0x3c, 0xee, 0x2d, 0xc2, 0x3b, 0x0e, 0x21, 0xed, 0x3b, 
0xce, 0xaa, 0x61, 0x3b, 0xca, 0x09, 0xa4, 0x3b, 0xed, 0xac, 0x5c, 0x3b, 
0x84, 0x49, 0x37, 0x3b, 0x91, 0x2c, 0x6b, 0x3b, 0xa2, 0x6a, 0x8d, 0x3b, 
0x22, 0x43, 0x69, 0x3b, 0x20, 0xe2, 0x56, 0x3b, 0x23, 0x00, 0x00, 0x00, 
0x66, 0x75, 0x6e, 0x63, 0x74, 0x69, 0x6f, 0x6e, 0x61, 0x6c, 0x5f, 0x31, 
0x2f, 0x63, 0x6f, 0x6e, 0x76, 0x31, 0x64, 0x5f, 0x32, 0x5f, 0x31, 0x2f, 
0x63, 0x6f, 0x6e, 0x76, 0x6f, 0x6c, 0x75, 0x74, 0x69, 0x6f, 0x6e, 0x00, 
0x04, 0x00, 0x00, 0x00, 0x10, 0x00, 0x00, 0x00, 0x01, 0x00, 0x00, 0x00, 
0x09, 0x00, 0x00, 0x00, 0x09, 0x00, 0x00, 0x00, 0x22, 0xf2, 0xff, 0xff, 
0x00, 0x00, 0x00, 0x01, 0x14, 0x00, 0x00, 0x00, 0xe8, 0x00, 0x00, 0x00, 
0x0e, 0x00, 0x00, 0x00, 0x00, 0x00, 0x00, 0x02, 0x90, 0x01, 0x00, 0x00, 
0xa4, 0xf1, 0xff, 0xff, 0x08, 0x00, 0x00, 0x00, 0x8c, 0x00, 0x00, 0x00, 
0x10, 0x00, 0x00, 0x00, 0x00, 0x00, 0x00, 0x00, 0x00, 0x00, 0x00, 0x00, 
0x00, 0x00, 0x00, 0x00, 0x00, 0x00, 0x00, 0x00, 0x00, 0x00, 0x00, 0x00, 
0x00, 0x00, 0x00, 0x00, 0x00, 0x00, 0x00, 0x00, 0x00, 0x00, 0x00, 0x00, 
0x00, 0x00, 0x00, 0x00, 0x00, 0x00, 0x00, 0x00, 0x00, 0x00, 0x00, 0x00, 
0x00, 0x00, 0x00, 0x00, 0x00, 0x00, 0x00, 0x00, 0x00, 0x00, 0x00, 0x00, 
0x00, 0x00, 0x00, 0x00, 0x00, 0x00, 0x00, 0x00, 0x00, 0x00, 0x00, 0x00, 
0x00, 0x00, 0x00, 0x00, 0x00, 0x00, 0x00, 0x00, 0x00, 0x00, 0x00, 0x00, 
0x00, 0x00, 0x00, 0x00, 0x00, 0x00, 0x00, 0x00, 0x00, 0x00, 0x00, 0x00, 
0x00, 0x00, 0x00, 0x00, 0x00, 0x00, 0x00, 0x00, 0x00, 0x00, 0x00, 0x00, 
0x00, 0x00, 0x00, 0x00, 0x00, 0x00, 0x00, 0x00, 0x00, 0x00, 0x00, 0x00, 
0x00, 0x00, 0x00, 0x00, 0x00, 0x00, 0x00, 0x00, 0x00, 0x00, 0x00, 0x00, 
0x00, 0x00, 0x00, 0x00, 0x10, 0x00, 0x00, 0x00, 0xea, 0x44, 0xce, 0x38, 
0x06, 0x7a, 0x77, 0x38, 0xc8, 0x70, 0x32, 0x38, 0x3a, 0x3d, 0xa8, 0x38, 
0xfc, 0x1b, 0x9e, 0x38, 0x5f, 0x01, 0x06, 0x39, 0xe0, 0xf0, 0xc2, 0x38, 
0x1e, 0x0f, 0xee, 0x38, 0x5c, 0x8d, 0x62, 0x38, 0x79, 0xae, 0xa4, 0x38, 
0x78, 0x8a, 0x5d, 0x38, 0x86, 0x01, 0x38, 0x38, 0xab, 0x18, 0x6c, 0x38, 
0x9b, 0xf8, 0x8d, 0x38, 0x50, 0x2d, 0x6a, 0x38, 0xdb, 0xb9, 0x57, 0x38, 
0xac, 0x00, 0x00, 0x00, 0x66, 0x75, 0x6e, 0x63, 0x74, 0x69, 0x6f, 0x6e, 
0x61, 0x6c, 0x5f, 0x31, 0x2f, 0x63, 0x6f, 0x6e, 0x76, 0x31, 0x64, 0x5f, 
0x32, 0x5f, 0x31, 0x2f, 0x52, 0x65, 0x6c, 0x75, 0x3b, 0x66, 0x75, 0x6e, 
0x63, 0x74, 0x69, 0x6f, 0x6e, 0x61, 0x6c, 0x5f, 0x31, 0x2f, 0x63, 0x6f, 
0x6e, 0x76, 0x31, 0x64, 0x5f, 0x32, 0x5f, 0x31, 0x2f, 0x42, 0x69, 0x61, 
0x73, 0x41, 0x64, 0x64, 0x3b, 0x66, 0x75, 0x6e, 0x63, 0x74, 0x69, 0x6f, 
0x6e, 0x61, 0x6c, 0x5f, 0x31, 0x2f, 0x63, 0x6f, 0x6e, 0x76, 0x31, 0x64, 
0x5f, 0x32, 0x5f, 0x31, 0x2f, 0x63, 0x6f, 0x6e, 0x76, 0x6f, 0x6c, 0x75, 
0x74, 0x69, 0x6f, 0x6e, 0x2f, 0x53, 0x71, 0x75, 0x65, 0x65, 0x7a, 0x65, 
0x3b, 0x66, 0x75, 0x6e, 0x63, 0x74, 0x69, 0x6f, 0x6e, 0x61, 0x6c, 0x5f, 
0x31, 0x2f, 0x63, 0x6f, 0x6e, 0x76, 0x31, 0x64, 0x5f, 0x32, 0x5f, 0x31, 
0x2f, 0x53, 0x71, 0x75, 0x65, 0x65, 0x7a, 0x65, 0x3b, 0x66, 0x75, 0x6e, 
0x63, 0x74, 0x69, 0x6f, 0x6e, 0x61, 0x6c, 0x5f, 0x31, 0x2f, 0x63, 0x6f, 
0x6e, 0x76, 0x31, 0x64, 0x5f, 0x32, 0x5f, 0x31, 0x2f, 0x63, 0x6f, 0x6e, 
0x76, 0x6f, 0x6c, 0x75, 0x74, 0x69, 0x6f, 0x6e, 0x00, 0x00, 0x00, 0x00, 
0x01, 0x00, 0x00, 0x00, 0x10, 0x00, 0x00, 0x00, 0xd2, 0xf3, 0xff, 0xff, 
0x00, 0x00, 0x00, 0x01, 0x14, 0x00, 0x00, 0x00, 0x34, 0x00, 0x00, 0x00, 
0x0d, 0x00, 0x00, 0x00, 0x00, 0x00, 0x00, 0x09, 0x60, 0x00, 0x00, 0x00, 
0x54, 0xf3, 0xff, 0xff, 0x08, 0x00, 0x00, 0x00, 0x14, 0x00, 0x00, 0x00, 
0x01, 0x00, 0x00, 0x00, 0x80, 0xff, 0xff, 0xff, 0xff, 0xff, 0xff, 0xff, 
0x00, 0x00, 0x00, 0x00, 0x01, 0x00, 0x00, 0x00, 0x1b, 0x40, 0x13, 0x3d, 
0x30, 0x00, 0x00, 0x00, 0x66, 0x75, 0x6e, 0x63, 0x74, 0x69, 0x6f, 0x6e, 
0x61, 0x6c, 0x5f, 0x31, 0x2f, 0x62, 0x61, 0x74, 0x63, 0x68, 0x5f, 0x6e, 
0x6f, 0x72, 0x6d, 0x61, 0x6c, 0x69, 0x7a, 0x61, 0x74, 0x69, 0x6f, 0x6e, 
0x5f, 0x31, 0x2f, 0x62, 0x61, 0x74, 0x63, 0x68, 0x6e, 0x6f, 0x72, 0x6d, 
0x2f, 0x6d, 0x75, 0x6c, 0x00, 0x00, 0x00, 0x00, 0x01, 0x00, 0x00, 0x00, 
0x30, 0x00, 0x00, 0x00, 0x52, 0xf4, 0xff, 0xff, 0x00, 0x00, 0x00, 0x01, 
0x14, 0x00, 0x00, 0x00, 0x34, 0x00, 0x00, 0x00, 0x0c, 0x00, 0x00, 0x00, 
0x00, 0x00, 0x00, 0x09, 0x60, 0x00, 0x00, 0x00, 0xd4, 0xf3, 0xff, 0xff, 
0x08, 0x00, 0x00, 0x00, 0x14, 0x00, 0x00, 0x00, 0x01, 0x00, 0x00, 0x00, 
0x64, 0x00, 0x00, 0x00, 0x00, 0x00, 0x00, 0x00, 0x00, 0x00, 0x00, 0x00, 
0x01, 0x00, 0x00, 0x00, 0xa8, 0xcc, 0x8d, 0x3b, 0x30, 0x00, 0x00, 0x00, 
0x66, 0x75, 0x6e, 0x63, 0x74, 0x69, 0x6f, 0x6e, 0x61, 0x6c, 0x5f, 0x31, 
0x2f, 0x62, 0x61, 0x74, 0x63, 0x68, 0x5f, 0x6e, 0x6f, 0x72, 0x6d, 0x61, 
0x6c, 0x69, 0x7a, 0x61, 0x74, 0x69, 0x6f, 0x6e, 0x5f, 0x31, 0x2f, 0x62, 
0x61, 0x74, 0x63, 0x68, 0x6e, 0x6f, 0x72, 0x6d, 0x2f, 0x73, 0x75, 0x62, 
0x00, 0x00, 0x00, 0x00, 0x01, 0x00, 0x00, 0x00, 0x30, 0x00, 0x00, 0x00, 
0xd2, 0xf4, 0xff, 0xff, 0x00, 0x00, 0x00, 0x01, 0x14, 0x00, 0x00, 0x00, 
0x28, 0x03, 0x00, 0x00, 0x0b, 0x00, 0x00, 0x00, 0x00, 0x00, 0x00, 0x09, 
0x44, 0x03, 0x00, 0x00, 0x54, 0xf4, 0xff, 0xff, 0x08, 0x00, 0x00, 0x00, 
0x0c, 0x02, 0x00, 0x00, 0x40, 0x00, 0x00, 0x00, 0x00, 0x00, 0x00, 0x00, 
0x00, 0x00, 0x00, 0x00, 0x00, 0x00, 0x00, 0x00, 0x00, 0x00, 0x00, 0x00, 
0x00, 0x00, 0x00, 0x00, 0x00, 0x00, 0x00, 0x00, 0x00, 0x00, 0x00, 0x00, 
0x00, 0x00, 0x00, 0x00, 0x00, 0x00, 0x00, 0x00, 0x00, 0x00, 0x00, 0x00, 
0x00, 0x00, 0x00, 0x00, 0x00, 0x00, 0x00, 0x00, 0x00, 0x00, 0x00, 0x00, 
0x00, 0x00, 0x00, 0x00, 0x00, 0x00, 0x00, 0x00, 0x00, 0x00, 0x00, 0x00, 
0x00, 0x00, 0x00, 0x00, 0x00, 0x00, 0x00, 0x00, 0x00, 0x00, 0x00, 0x00, 
0x00, 0x00, 0x00, 0x00, 0x00, 0x00, 0x00, 0x00, 0x00, 0x00, 0x00, 0x00, 
0x00, 0x00, 0x00, 0x00, 0x00, 0x00, 0x00, 0x00, 0x00, 0x00, 0x00, 0x00, 
0x00, 0x00, 0x00, 0x00, 0x00, 0x00, 0x00, 0x00, 0x00, 0x00, 0x00, 0x00, 
0x00, 0x00, 0x00, 0x00, 0x00, 0x00, 0x00, 0x00, 0x00, 0x00, 0x00, 0x00, 
0x00, 0x00, 0x00, 0x00, 0x00, 0x00, 0x00, 0x00, 0x00, 0x00, 0x00, 0x00, 
0x00, 0x00, 0x00, 0x00, 0x00, 0x00, 0x00, 0x00, 0x00, 0x00, 0x00, 0x00, 
0x00, 0x00, 0x00, 0x00, 0x00, 0x00, 0x00, 0x00, 0x00, 0x00, 0x00, 0x00, 
0x00, 0x00, 0x00, 0x00, 0x00, 0x00, 0x00, 0x00, 0x00, 0x00, 0x00, 0x00, 
0x00, 0x00, 0x00, 0x00, 0x00, 0x00, 0x00, 0x00, 0x00, 0x00, 0x00, 0x00, 
0x00, 0x00, 0x00, 0x00, 0x00, 0x00, 0x00, 0x00, 0x00, 0x00, 0x00, 0x00, 
0x00, 0x00, 0x00, 0x00, 0x00, 0x00, 0x00, 0x00, 0x00, 0x00, 0x00, 0x00, 
0x00, 0x00, 0x00, 0x00, 0x00, 0x00, 0x00, 0x00, 0x00, 0x00, 0x00, 0x00, 
0x00, 0x00, 0x00, 0x00, 0x00, 0x00, 0x00, 0x00, 0x00, 0x00, 0x00, 0x00, 
0x00, 0x00, 0x00, 0x00, 0x00, 0x00, 0x00, 0x00, 0x00, 0x00, 0x00, 0x00, 
0x00, 0x00, 0x00, 0x00, 0x00, 0x00, 0x00, 0x00, 0x00, 0x00, 0x00, 0x00, 
0x00, 0x00, 0x00, 0x00, 0x00, 0x00, 0x00, 0x00, 0x00, 0x00, 0x00, 0x00, 
0x00, 0x00, 0x00, 0x00, 0x00, 0x00, 0x00, 0x00, 0x00, 0x00, 0x00, 0x00, 
0x00, 0x00, 0x00, 0x00, 0x00, 0x00, 0x00, 0x00, 0x00, 0x00, 0x00, 0x00, 
0x00, 0x00, 0x00, 0x00, 0x00, 0x00, 0x00, 0x00, 0x00, 0x00, 0x00, 0x00, 
0x00, 0x00, 0x00, 0x00, 0x00, 0x00, 0x00, 0x00, 0x00, 0x00, 0x00, 0x00, 
0x00, 0x00, 0x00, 0x00, 0x00, 0x00, 0x00, 0x00, 0x00, 0x00, 0x00, 0x00, 
0x00, 0x00, 0x00, 0x00, 0x00, 0x00, 0x00, 0x00, 0x00, 0x00, 0x00, 0x00, 
0x00, 0x00, 0x00, 0x00, 0x00, 0x00, 0x00, 0x00, 0x00, 0x00, 0x00, 0x00, 
0x00, 0x00, 0x00, 0x00, 0x00, 0x00, 0x00, 0x00, 0x00, 0x00, 0x00, 0x00, 
0x00, 0x00, 0x00, 0x00, 0x00, 0x00, 0x00, 0x00, 0x00, 0x00, 0x00, 0x00, 
0x00, 0x00, 0x00, 0x00, 0x00, 0x00, 0x00, 0x00, 0x00, 0x00, 0x00, 0x00, 
0x00, 0x00, 0x00, 0x00, 0x00, 0x00, 0x00, 0x00, 0x00, 0x00, 0x00, 0x00, 
0x00, 0x00, 0x00, 0x00, 0x00, 0x00, 0x00, 0x00, 0x00, 0x00, 0x00, 0x00, 
0x00, 0x00, 0x00, 0x00, 0x00, 0x00, 0x00, 0x00, 0x00, 0x00, 0x00, 0x00, 
0x00, 0x00, 0x00, 0x00, 0x00, 0x00, 0x00, 0x00, 0x00, 0x00, 0x00, 0x00, 
0x00, 0x00, 0x00, 0x00, 0x00, 0x00, 0x00, 0x00, 0x00, 0x00, 0x00, 0x00, 
0x00, 0x00, 0x00, 0x00, 0x00, 0x00, 0x00, 0x00, 0x00, 0x00, 0x00, 0x00, 
0x00, 0x00, 0x00, 0x00, 0x00, 0x00, 0x00, 0x00, 0x00, 0x00, 0x00, 0x00, 
0x00, 0x00, 0x00, 0x00, 0x00, 0x00, 0x00, 0x00, 0x00, 0x00, 0x00, 0x00, 
0x00, 0x00, 0x00, 0x00, 0x00, 0x00, 0x00, 0x00, 0x00, 0x00, 0x00, 0x00, 
0x00, 0x00, 0x00, 0x00, 0x00, 0x00, 0x00, 0x00, 0x00, 0x00, 0x00, 0x00, 
0x00, 0x00, 0x00, 0x00, 0x00, 0x00, 0x00, 0x00, 0x40, 0x00, 0x00, 0x00, 
0x13, 0xac, 0x80, 0x3b, 0xe0, 0x38, 0xaf, 0x3b, 0x46, 0x22, 0x8f, 0x3b, 
0x33, 0xc4, 0x87, 0x3b, 0x02, 0xd2, 0x55, 0x3b, 0xb5, 0xf0, 0xcc, 0x3b, 
0xbd, 0xd7, 0xa6, 0x3b, 0x1b, 0xe2, 0x8b, 0x3b, 0x2f, 0x29, 0x99, 0x3b, 
0x5e, 0xb9, 0xa9, 0x3b, 0xdd, 0x6f, 0x8e, 0x3b, 0x97, 0x50, 0xd5, 0x3b, 
0x5a, 0x45, 0xa9, 0x3b, 0xb7, 0xba, 0xa9, 0x3b, 0x6f, 0x86, 0x8a, 0x3b, 
0x53, 0x5c, 0xa1, 0x3b, 0x47, 0x9d, 0xdc, 0x3b, 0x5e, 0xd5, 0x97, 0x3b, 
0xfa, 0xb1, 0xcf, 0x3b, 0x6d, 0x57, 0x9b, 0x3b, 0x93, 0x46, 0x9a, 0x3b, 
0x22, 0x07, 0xa2, 0x3b, 0xed, 0xbb, 0xbb, 0x3b, 0x0d, 0x5a, 0xb0, 0x3b, 
0x35, 0x61, 0x91, 0x3b, 0x3d, 0x1d, 0xa7, 0x3b, 0x8f, 0x22, 0x48, 0x3b, 
0x61, 0x3e, 0x95, 0x3b, 0x0a, 0xd8, 0x83, 0x3b, 0xb7, 0x62, 0xc3, 0x3b, 
0x87, 0x41, 0x67, 0x3b, 0x05, 0x7d, 0x93, 0x3b, 0xa6, 0xe4, 0xa8, 0x3b, 
0xbf, 0xf9, 0xab, 0x3b, 0xfd, 0x51, 0x81, 0x3b, 0x21, 0x05, 0x81, 0x3b, 
0xe1, 0xb0, 0xa1, 0x3b, 0x6a, 0x47, 0x97, 0x3b, 0x0f, 0xb4, 0x86, 0x3b, 
0xe8, 0x8e, 0x68, 0x3b, 0xdf, 0x15, 0x5c, 0x3b, 0x88, 0xc6, 0x8b, 0x3b, 
0x8c, 0x75, 0x7c, 0x3b, 0x7b, 0x9a, 0xb4, 0x3b, 0xa3, 0x34, 0x95, 0x3b, 
0x9f, 0xad, 0xbb, 0x3b, 0x3b, 0x0b, 0xb3, 0x3b, 0x3b, 0x28, 0xaf, 0x3b, 
0x00, 0x21, 0x61, 0x3b, 0x15, 0xe8, 0x91, 0x3b, 0x3b, 0x92, 0xd0, 0x3b, 
0xa7, 0x19, 0xb0, 0x3b, 0x18, 0x14, 0x8e, 0x3b, 0x07, 0x11, 0x9c, 0x3b, 
0xb2, 0x81, 0x88, 0x3b, 0x59, 0x3c, 0xc0, 0x3b, 0xff, 0xaa, 0xbe, 0x3b, 
0x58, 0x69, 0xc4, 0x3b, 0xa0, 0xe0, 0xad, 0x3b, 0xee, 0x08, 0x8e, 0x3b, 
0xde, 0x7a, 0xb6, 0x3b, 0x38, 0x94, 0x86, 0x3b, 0xc2, 0x8a, 0xac, 0x3b, 
0xdd, 0x9a, 0x89, 0x3b, 0x23, 0x00, 0x00, 0x00, 0x66, 0x75, 0x6e, 0x63, 
0x74, 0x69, 0x6f, 0x6e, 0x61, 0x6c, 0x5f, 0x31, 0x2f, 0x63, 0x6f, 0x6e, 
0x76, 0x31, 0x64, 0x5f, 0x33, 0x5f, 0x31, 0x2f, 0x63, 0x6f, 0x6e, 0x76, 
0x6f, 0x6c, 0x75, 0x74, 0x69, 0x6f, 0x6e, 0x00, 0x04, 0x00, 0x00, 0x00, 
0x40, 0x00, 0x00, 0x00, 0x01, 0x00, 0x00, 0x00, 0x03, 0x00, 0x00, 0x00, 
0x30, 0x00, 0x00, 0x00, 0x42, 0xf8, 0xff, 0xff, 0x00, 0x00, 0x00, 0x01, 
0x14, 0x00, 0x00, 0x00, 0x28, 0x03, 0x00, 0x00, 0x0a, 0x00, 0x00, 0x00, 
0x00, 0x00, 0x00, 0x02, 0xd0, 0x03, 0x00, 0x00, 0xc4, 0xf7, 0xff, 0xff, 
0x08, 0x00, 0x00, 0x00, 0x0c, 0x02, 0x00, 0x00, 0x40, 0x00, 0x00, 0x00, 
0x00, 0x00, 0x00, 0x00, 0x00, 0x00, 0x00, 0x00, 0x00, 0x00, 0x00, 0x00, 
0x00, 0x00, 0x00, 0x00, 0x00, 0x00, 0x00, 0x00, 0x00, 0x00, 0x00, 0x00, 
0x00, 0x00, 0x00, 0x00, 0x00, 0x00, 0x00, 0x00, 0x00, 0x00, 0x00, 0x00, 
0x00, 0x00, 0x00, 0x00, 0x00, 0x00, 0x00, 0x00, 0x00, 0x00, 0x00, 0x00, 
0x00, 0x00, 0x00, 0x00, 0x00, 0x00, 0x00, 0x00, 0x00, 0x00, 0x00, 0x00, 
0x00, 0x00, 0x00, 0x00, 0x00, 0x00, 0x00, 0x00, 0x00, 0x00, 0x00, 0x00, 
0x00, 0x00, 0x00, 0x00, 0x00, 0x00, 0x00, 0x00, 0x00, 0x00, 0x00, 0x00, 
0x00, 0x00, 0x00, 0x00, 0x00, 0x00, 0x00, 0x00, 0x00, 0x00, 0x00, 0x00, 
0x00, 0x00, 0x00, 0x00, 0x00, 0x00, 0x00, 0x00, 0x00, 0x00, 0x00, 0x00, 
0x00, 0x00, 0x00, 0x00, 0x00, 0x00, 0x00, 0x00, 0x00, 0x00, 0x00, 0x00, 
0x00, 0x00, 0x00, 0x00, 0x00, 0x00, 0x00, 0x00, 0x00, 0x00, 0x00, 0x00, 
0x00, 0x00, 0x00, 0x00, 0x00, 0x00, 0x00, 0x00, 0x00, 0x00, 0x00, 0x00, 
0x00, 0x00, 0x00, 0x00, 0x00, 0x00, 0x00, 0x00, 0x00, 0x00, 0x00, 0x00, 
0x00, 0x00, 0x00, 0x00, 0x00, 0x00, 0x00, 0x00, 0x00, 0x00, 0x00, 0x00, 
0x00, 0x00, 0x00, 0x00, 0x00, 0x00, 0x00, 0x00, 0x00, 0x00, 0x00, 0x00, 
0x00, 0x00, 0x00, 0x00, 0x00, 0x00, 0x00, 0x00, 0x00, 0x00, 0x00, 0x00, 
0x00, 0x00, 0x00, 0x00, 0x00, 0x00, 0x00, 0x00, 0x00, 0x00, 0x00, 0x00, 
0x00, 0x00, 0x00, 0x00, 0x00, 0x00, 0x00, 0x00, 0x00, 0x00, 0x00, 0x00, 
0x00, 0x00, 0x00, 0x00, 0x00, 0x00, 0x00, 0x00, 0x00, 0x00, 0x00, 0x00, 
0x00, 0x00, 0x00, 0x00, 0x00, 0x00, 0x00, 0x00, 0x00, 0x00, 0x00, 0x00, 
0x00, 0x00, 0x00, 0x00, 0x00, 0x00, 0x00, 0x00, 0x00, 0x00, 0x00, 0x00, 
0x00, 0x00, 0x00, 0x00, 0x00, 0x00, 0x00, 0x00, 0x00, 0x00, 0x00, 0x00, 
0x00, 0x00, 0x00, 0x00, 0x00, 0x00, 0x00, 0x00, 0x00, 0x00, 0x00, 0x00, 
0x00, 0x00, 0x00, 0x00, 0x00, 0x00, 0x00, 0x00, 0x00, 0x00, 0x00, 0x00, 
0x00, 0x00, 0x00, 0x00, 0x00, 0x00, 0x00, 0x00, 0x00, 0x00, 0x00, 0x00, 
0x00, 0x00, 0x00, 0x00, 0x00, 0x00, 0x00, 0x00, 0x00, 0x00, 0x00, 0x00, 
0x00, 0x00, 0x00, 0x00, 0x00, 0x00, 0x00, 0x00, 0x00, 0x00, 0x00, 0x00, 
0x00, 0x00, 0x00, 0x00, 0x00, 0x00, 0x00, 0x00, 0x00, 0x00, 0x00, 0x00, 
0x00, 0x00, 0x00, 0x00, 0x00, 0x00, 0x00, 0x00, 0x00, 0x00, 0x00, 0x00, 
0x00, 0x00, 0x00, 0x00, 0x00, 0x00, 0x00, 0x00, 0x00, 0x00, 0x00, 0x00, 
0x00, 0x00, 0x00, 0x00, 0x00, 0x00, 0x00, 0x00, 0x00, 0x00, 0x00, 0x00, 
0x00, 0x00, 0x00, 0x00, 0x00, 0x00, 0x00, 0x00, 0x00, 0x00, 0x00, 0x00, 
0x00, 0x00, 0x00, 0x00, 0x00, 0x00, 0x00, 0x00, 0x00, 0x00, 0x00, 0x00, 
0x00, 0x00, 0x00, 0x00, 0x00, 0x00, 0x00, 0x00, 0x00, 0x00, 0x00, 0x00, 
0x00, 0x00, 0x00, 0x00, 0x00, 0x00, 0x00, 0x00, 0x00, 0x00, 0x00, 0x00, 
0x00, 0x00, 0x00, 0x00, 0x00, 0x00, 0x00, 0x00, 0x00, 0x00, 0x00, 0x00, 
0x00, 0x00, 0x00, 0x00, 0x00, 0x00, 0x00, 0x00, 0x00, 0x00, 0x00, 0x00, 
0x00, 0x00, 0x00, 0x00, 0x00, 0x00, 0x00, 0x00, 0x00, 0x00, 0x00, 0x00, 
0x00, 0x00, 0x00, 0x00, 0x00, 0x00, 0x00, 0x00, 0x00, 0x00, 0x00, 0x00, 
0x00, 0x00, 0x00, 0x00, 0x00, 0x00, 0x00, 0x00, 0x00, 0x00, 0x00, 0x00, 
0x00, 0x00, 0x00, 0x00, 0x00, 0x00, 0x00, 0x00, 0x00, 0x00, 0x00, 0x00, 
0x00, 0x00, 0x00, 0x00, 0x00, 0x00, 0x00, 0x00, 0x00, 0x00, 0x00, 0x00, 
0x00, 0x00, 0x00, 0x00, 0x00, 0x00, 0x00, 0x00, 0x00, 0x00, 0x00, 0x00, 
0x40, 0x00, 0x00, 0x00, 0x1f, 0xe8, 0xb3, 0x39, 0xf1, 0xfd, 0xf4, 0x39, 
0x76, 0x20, 0xc8, 0x39, 0x64, 0xd3, 0xbd, 0x39, 0xc5, 0x7a, 0x95, 0x39, 
0x87, 0x45, 0x0f, 0x3a, 0xa8, 0x46, 0xe9, 0x39, 0xf0, 0x94, 0xc3, 0x39, 
0x76, 0x25, 0xd6, 0x39, 0xff, 0x4d, 0xed, 0x39, 0x03, 0x27, 0xc7, 0x39, 
0x4b, 0x20, 0x15, 0x3a, 0xc9, 0xab, 0xec, 0x39, 0xe1, 0x4f, 0xed, 0x39, 
0xd5, 0xae, 0xc1, 0x39, 0x6f, 0x9c, 0xe1, 0x39, 0xac, 0x3a, 0x1a, 0x3a, 
0x56, 0x4a, 0xd4, 0x39, 0x93, 0x32, 0x11, 0x3a, 0xfb, 0x31, 0xd9, 0x39, 
0x7d, 0xb4, 0xd7, 0x39, 0x41, 0x8b, 0xe2, 0x39, 0x31, 0x3e, 0x03, 0x3a, 
0x43, 0x92, 0xf6, 0x39, 0x52, 0x44, 0xcb, 0x39, 0xd5, 0xa7, 0xe9, 0x39, 
0x8b, 0xe9, 0x8b, 0x39, 0x5c, 0xab, 0xd0, 0x39, 0x65, 0x57, 0xb8, 0x39, 
0x8f, 0x97, 0x08, 0x3a, 0x2b, 0xab, 0xa1, 0x39, 0x13, 0x37, 0xce, 0x39, 
0x94, 0x24, 0xec, 0x39, 0xe0, 0x73, 0xf0, 0x39, 0x19, 0xd0, 0xb4, 0x39, 
0xa3, 0x64, 0xb4, 0x39, 0xa8, 0x12, 0xe2, 0x39, 0xdc, 0x83, 0xd3, 0x39, 
0xe3, 0x56, 0xbc, 0x39, 0x3b, 0x94, 0xa2, 0x39, 0x03, 0xdc, 0x99, 0x39, 
0x63, 0x6e, 0xc3, 0x39, 0xd7, 0x7d, 0xb0, 0x39, 0x15, 0x84, 0xfc, 0x39, 
0xbd, 0x9d, 0xd0, 0x39, 0x31, 0x34, 0x03, 0x3a, 0xdc, 0x55, 0xfa, 0x39, 
0xac, 0xe6, 0xf4, 0x39, 0xa0, 0x62, 0x9d, 0x39, 0xe6, 0x00, 0xcc, 0x39, 
0x59, 0xcf, 0x11, 0x3a, 0x39, 0x38, 0xf6, 0x39, 0xb3, 0xa6, 0xc6, 0x39, 
0x7c, 0x35, 0xda, 0x39, 0x57, 0xdc, 0xbe, 0x39, 0xd6, 0x63, 0x06, 0x3a, 
0x42, 0x4b, 0x05, 0x3a, 0x29, 0x4f, 0x09, 0x3a, 0x9f, 0x1c, 0xf3, 0x39, 
0x17, 0x97, 0xc6, 0x39, 0xc0, 0x23, 0xff, 0x39, 0x5f, 0x2a, 0xbc, 0x39, 
0xa1, 0x3e, 0xf1, 0x39, 0x76, 0x65, 0xc0, 0x39, 0xac, 0x00, 0x00, 0x00, 
0x66, 0x75, 0x6e, 0x63, 0x74, 0x69, 0x6f, 0x6e, 0x61, 0x6c, 0x5f, 0x31, 
0x2f, 0x63, 0x6f, 0x6e, 0x76, 0x31, 0x64, 0x5f, 0x33, 0x5f, 0x31, 0x2f, 
0x52, 0x65, 0x6c, 0x75, 0x3b, 0x66, 0x75, 0x6e, 0x63, 0x74, 0x69, 0x6f, 
0x6e, 0x61, 0x6c, 0x5f, 0x31, 0x2f, 0x63, 0x6f, 0x6e, 0x76, 0x31, 0x64, 
0x5f, 0x33, 0x5f, 0x31, 0x2f, 0x42, 0x69, 0x61, 0x73, 0x41, 0x64, 0x64, 
0x3b, 0x66, 0x75, 0x6e, 0x63, 0x74, 0x69, 0x6f, 0x6e, 0x61, 0x6c, 0x5f, 
0x31, 0x2f, 0x63, 0x6f, 0x6e, 0x76, 0x31, 0x64, 0x5f, 0x33, 0x5f, 0x31, 
0x2f, 0x63, 0x6f, 0x6e, 0x76, 0x6f, 0x6c, 0x75, 0x74, 0x69, 0x6f, 0x6e, 
0x2f, 0x53, 0x71, 0x75, 0x65, 0x65, 0x7a, 0x65, 0x3b, 0x66, 0x75, 0x6e, 
0x63, 0x74, 0x69, 0x6f, 0x6e, 0x61, 0x6c, 0x5f, 0x31, 0x2f, 0x63, 0x6f, 
0x6e, 0x76, 0x31, 0x64, 0x5f, 0x33, 0x5f, 0x31, 0x2f, 0x53, 0x71, 0x75, 
0x65, 0x65, 0x7a, 0x65, 0x3b, 0x66, 0x75, 0x6e, 0x63, 0x74, 0x69, 0x6f, 
0x6e, 0x61, 0x6c, 0x5f, 0x31, 0x2f, 0x63, 0x6f, 0x6e, 0x76, 0x31, 0x64, 
0x5f, 0x33, 0x5f, 0x31, 0x2f, 0x63, 0x6f, 0x6e, 0x76, 0x6f, 0x6c, 0x75, 
0x74, 0x69, 0x6f, 0x6e, 0x00, 0x00, 0x00, 0x00, 0x01, 0x00, 0x00, 0x00, 
0x40, 0x00, 0x00, 0x00, 0x32, 0xfc, 0xff, 0xff, 0x00, 0x00, 0x00, 0x01, 
0x14, 0x00, 0x00, 0x00, 0xe4, 0x00, 0x00, 0x00, 0x09, 0x00, 0x00, 0x00, 
0x00, 0x00, 0x00, 0x09, 0xfc, 0x00, 0x00, 0x00, 0xb4, 0xfb, 0xff, 0xff, 
0x08, 0x00, 0x00, 0x00, 0x88, 0x00, 0x00, 0x00, 0x10, 0x00, 0x00, 0x00, 
0x00, 0x00, 0x00, 0x00, 0x00, 0x00, 0x00, 0x00, 0x00, 0x00, 0x00, 0x00, 
0x00, 0x00, 0x00, 0x00, 0x00, 0x00, 0x00, 0x00, 0x00, 0x00, 0x00, 0x00, 
0x00, 0x00, 0x00, 0x00, 0x00, 0x00, 0x00, 0x00, 0x00, 0x00, 0x00, 0x00, 
0x00, 0x00, 0x00, 0x00, 0x00, 0x00, 0x00, 0x00, 0x00, 0x00, 0x00, 0x00, 
0x00, 0x00, 0x00, 0x00, 0x00, 0x00, 0x00, 0x00, 0x00, 0x00, 0x00, 0x00, 
0x00, 0x00, 0x00, 0x00, 0x00, 0x00, 0x00, 0x00, 0x00, 0x00, 0x00, 0x00, 
0x00, 0x00, 0x00, 0x00, 0x00, 0x00, 0x00, 0x00, 0x00, 0x00, 0x00, 0x00, 
0x00, 0x00, 0x00, 0x00, 0x00, 0x00, 0x00, 0x00, 0x00, 0x00, 0x00, 0x00, 
0x00, 0x00, 0x00, 0x00, 0x00, 0x00, 0x00, 0x00, 0x00, 0x00, 0x00, 0x00, 
0x00, 0x00, 0x00, 0x00, 0x00, 0x00, 0x00, 0x00, 0x00, 0x00, 0x00, 0x00, 
0x00, 0x00, 0x00, 0x00, 0x00, 0x00, 0x00, 0x00, 0x10, 0x00, 0x00, 0x00, 
0xe0, 0x88, 0x64, 0x3b, 0x7f, 0xa6, 0x90, 0x3b, 0xfe, 0x8f, 0x5b, 0x3b, 
0xb5, 0x2e, 0xa5, 0x3b, 0x30, 0x43, 0x5f, 0x3b, 0x59, 0xcd, 0x86, 0x3b, 
0x81, 0x59, 0x9e, 0x3b, 0xfc, 0x6a, 0x98, 0x3b, 0x42, 0xa1, 0x6e, 0x3b, 
0xcd, 0x85, 0xa4, 0x3b, 0x13, 0x86, 0x83, 0x3b, 0xbb, 0x45, 0xa1, 0x3b, 
0x90, 0x97, 0x80, 0x3b, 0x9e, 0xe6, 0x99, 0x3b, 0xa0, 0x2b, 0xa3, 0x3b, 
0xe1, 0xbe, 0x8a, 0x3b, 0x1f, 0x00, 0x00, 0x00, 0x66, 0x75, 0x6e, 0x63, 
0x74, 0x69, 0x6f, 0x6e, 0x61, 0x6c, 0x5f, 0x31, 0x2f, 0x65, 0x6d, 0x62, 
0x65, 0x64, 0x64, 0x69, 0x6e, 0x67, 0x5f, 0x31, 0x2f, 0x4d, 0x61, 0x74, 
0x4d, 0x75, 0x6c, 0x00, 0x02, 0x00, 0x00, 0x00, 0x10, 0x00, 0x00, 0x00, 
0x40, 0x00, 0x00, 0x00, 0x52, 0xfd, 0xff, 0xff, 0x00, 0x00, 0x00, 0x01, 
0x14, 0x00, 0x00, 0x00, 0xe8, 0x00, 0x00, 0x00, 0x08, 0x00, 0x00, 0x00, 
0x00, 0x00, 0x00, 0x02, 0x04, 0x01, 0x00, 0x00, 0xd4, 0xfc, 0xff, 0xff, 
0x08, 0x00, 0x00, 0x00, 0x8c, 0x00, 0x00, 0x00, 0x10, 0x00, 0x00, 0x00, 
0x00, 0x00, 0x00, 0x00, 0x00, 0x00, 0x00, 0x00, 0x00, 0x00, 0x00, 0x00, 
0x00, 0x00, 0x00, 0x00, 0x00, 0x00, 0x00, 0x00, 0x00, 0x00, 0x00, 0x00, 
0x00, 0x00, 0x00, 0x00, 0x00, 0x00, 0x00, 0x00, 0x00, 0x00, 0x00, 0x00, 
0x00, 0x00, 0x00, 0x00, 0x00, 0x00, 0x00, 0x00, 0x00, 0x00, 0x00, 0x00, 
0x00, 0x00, 0x00, 0x00, 0x00, 0x00, 0x00, 0x00, 0x00, 0x00, 0x00, 0x00, 
0x00, 0x00, 0x00, 0x00, 0x00, 0x00, 0x00, 0x00, 0x00, 0x00, 0x00, 0x00, 
0x00, 0x00, 0x00, 0x00, 0x00, 0x00, 0x00, 0x00, 0x00, 0x00, 0x00, 0x00, 
0x00, 0x00, 0x00, 0x00, 0x00, 0x00, 0x00, 0x00, 0x00, 0x00, 0x00, 0x00, 
0x00, 0x00, 0x00, 0x00, 0x00, 0x00, 0x00, 0x00, 0x00, 0x00, 0x00, 0x00, 
0x00, 0x00, 0x00, 0x00, 0x00, 0x00, 0x00, 0x00, 0x00, 0x00, 0x00, 0x00, 
0x00, 0x00, 0x00, 0x00, 0x00, 0x00, 0x00, 0x00, 0x00, 0x00, 0x00, 0x00, 
0x10, 0x00, 0x00, 0x00, 0x0e, 0x37, 0x85, 0x38, 0xde, 0xa2, 0xa8, 0x38, 
0x5d, 0xf8, 0x7f, 0x38, 0xa9, 0x92, 0xc0, 0x38, 0x4f, 0x24, 0x82, 0x38, 
0xaa, 0x27, 0x9d, 0x38, 0x67, 0x9b, 0xb8, 0x38, 0x16, 0xb1, 0xb1, 0x38, 
0x84, 0x19, 0x8b, 0x38, 0xbf, 0xcd, 0xbf, 0x38, 0x39, 0x55, 0x99, 0x38, 
0xb3, 0x03, 0xbc, 0x38, 0x43, 0xea, 0x95, 0x38, 0xab, 0x6b, 0xb3, 0x38, 
0x2b, 0x3a, 0xbe, 0x38, 0x98, 0xc0, 0xa1, 0x38, 0x20, 0x00, 0x00, 0x00, 
0x66, 0x75, 0x6e, 0x63, 0x74, 0x69, 0x6f, 0x6e, 0x61, 0x6c, 0x5f, 0x31, 
0x2f, 0x65, 0x6d, 0x62, 0x65, 0x64, 0x64, 0x69, 0x6e, 0x67, 0x5f, 0x31, 
0x2f, 0x42, 0x69, 0x61, 0x73, 0x41, 0x64, 0x64, 0x00, 0x00, 0x00, 0x00, 
0x01, 0x00, 0x00, 0x00, 0x10, 0x00, 0x00, 0x00, 0x76, 0xfe, 0xff, 0xff, 
0x00, 0x00, 0x00, 0x01, 0x14, 0x00, 0x00, 0x00, 0x14, 0x00, 0x00, 0x00, 
0x07, 0x00, 0x00, 0x00, 0x00, 0x00, 0x00, 0x02, 0x40, 0x00, 0x00, 0x00, 
0x60, 0xfe, 0xff, 0xff, 0x30, 0x00, 0x00, 0x00, 0x66, 0x75, 0x6e, 0x63, 
0x74, 0x69, 0x6f, 0x6e, 0x61, 0x6c, 0x5f, 0x31, 0x2f, 0x6d, 0x61, 0x78, 
0x5f, 0x70, 0x6f, 0x6f, 0x6c, 0x69, 0x6e, 0x67, 0x31, 0x64, 0x5f, 0x31, 
0x5f, 0x32, 0x2f, 0x4d, 0x61, 0x78, 0x50, 0x6f, 0x6f, 0x6c, 0x31, 0x64, 
0x2f, 0x53, 0x71, 0x75, 0x65, 0x65, 0x7a, 0x65, 0x00, 0x00, 0x00, 0x00, 
0x01, 0x00, 0x00, 0x00, 0x03, 0x00, 0x00, 0x00, 0xd6, 0xfe, 0xff, 0xff, 
0x00, 0x00, 0x00, 0x01, 0x14, 0x00, 0x00, 0x00, 0x14, 0x00, 0x00, 0x00, 
0x06, 0x00, 0x00, 0x00, 0x00, 0x00, 0x00, 0x02, 0x38, 0x00, 0x00, 0x00, 
0xc0, 0xfe, 0xff, 0xff, 0x2b, 0x00, 0x00, 0x00, 0x66, 0x75, 0x6e, 0x63, 
0x74, 0x69, 0x6f, 0x6e, 0x61, 0x6c, 0x5f, 0x31, 0x2f, 0x63, 0x6f, 0x6e, 
0x76, 0x31, 0x64, 0x5f, 0x33, 0x5f, 0x31, 0x2f, 0x63, 0x6f, 0x6e, 0x76, 
0x6f, 0x6c, 0x75, 0x74, 0x69, 0x6f, 0x6e, 0x2f, 0x53, 0x71, 0x75, 0x65, 
0x65, 0x7a, 0x65, 0x00, 0x01, 0x00, 0x00, 0x00, 0x03, 0x00, 0x00, 0x00, 
0x2e, 0xff, 0xff, 0xff, 0x00, 0x00, 0x00, 0x01, 0x14, 0x00, 0x00, 0x00, 
0x14, 0x00, 0x00, 0x00, 0x05, 0x00, 0x00, 0x00, 0x00, 0x00, 0x00, 0x02, 
0x3c, 0x00, 0x00, 0x00, 0x18, 0xff, 0xff, 0xff, 0x2e, 0x00, 0x00, 0x00, 
0x66, 0x75, 0x6e, 0x63, 0x74, 0x69, 0x6f, 0x6e, 0x61, 0x6c, 0x5f, 0x31, 
0x2f, 0x6d, 0x61, 0x78, 0x5f, 0x70, 0x6f, 0x6f, 0x6c, 0x69, 0x6e, 0x67, 
0x31, 0x64, 0x5f, 0x31, 0x2f, 0x4d, 0x61, 0x78, 0x50, 0x6f, 0x6f, 0x6c, 
0x31, 0x64, 0x2f, 0x53, 0x71, 0x75, 0x65, 0x65, 0x7a, 0x65, 0x00, 0x00, 
0x01, 0x00, 0x00, 0x00, 0x03, 0x00, 0x00, 0x00, 0x8a, 0xff, 0xff, 0xff, 
0x00, 0x00, 0x00, 0x01, 0x14, 0x00, 0x00, 0x00, 0x14, 0x00, 0x00, 0x00, 
0x04, 0x00, 0x00, 0x00, 0x00, 0x00, 0x00, 0x02, 0x1c, 0x00, 0x00, 0x00, 
0x74, 0xff, 0xff, 0xff, 0x0f, 0x00, 0x00, 0x00, 0x61, 0x72, 0x69, 0x74, 
0x68, 0x2e, 0x63, 0x6f, 0x6e, 0x73, 0x74, 0x61, 0x6e, 0x74, 0x32, 0x00, 
0x00, 0x00, 0x00, 0x00, 0xc2, 0xff, 0xff, 0xff, 0x00, 0x00, 0x00, 0x01, 
0x14, 0x00, 0x00, 0x00, 0x14, 0x00, 0x00, 0x00, 0x03, 0x00, 0x00, 0x00, 
0x00, 0x00, 0x00, 0x02, 0x1c, 0x00, 0x00, 0x00, 0xac, 0xff, 0xff, 0xff, 
0x0e, 0x00, 0x00, 0x00, 0x61, 0x72, 0x69, 0x74, 0x68, 0x2e, 0x63, 0x6f, 
0x6e, 0x73, 0x74, 0x61, 0x6e, 0x74, 0x00, 0x00, 0x01, 0x00, 0x00, 0x00, 
0x03, 0x00, 0x00, 0x00, 0x00, 0x00, 0x16, 0x00, 0x1c, 0x00, 0x18, 0x00, 
0x17, 0x00, 0x10, 0x00, 0x0c, 0x00, 0x08, 0x00, 0x00, 0x00, 0x00, 0x00, 
0x00, 0x00, 0x07, 0x00, 0x16, 0x00, 0x00, 0x00, 0x00, 0x00, 0x00, 0x01, 
0x18, 0x00, 0x00, 0x00, 0x18, 0x00, 0x00, 0x00, 0x02, 0x00, 0x00, 0x00, 
0x00, 0x00, 0x00, 0x02, 0x20, 0x00, 0x00, 0x00, 0x04, 0x00, 0x04, 0x00, 
0x04, 0x00, 0x00, 0x00, 0x0f, 0x00, 0x00, 0x00, 0x61, 0x72, 0x69, 0x74, 
0x68, 0x2e, 0x63, 0x6f, 0x6e, 0x73, 0x74, 0x61, 0x6e, 0x74, 0x31, 0x00, 
0x00, 0x00, 0x00, 0x00, 0x00, 0x00, 0x16, 0x00, 0x20, 0x00, 0x1c, 0x00, 
0x1b, 0x00, 0x14, 0x00, 0x10, 0x00, 0x0c, 0x00, 0x00, 0x00, 0x00, 0x00, 
0x08, 0x00, 0x07, 0x00, 0x16, 0x00, 0x00, 0x00, 0x00, 0x00, 0x00, 0x01, 
0x18, 0x00, 0x00, 0x00, 0x30, 0x00, 0x00, 0x00, 0x50, 0x00, 0x00, 0x00, 
0x01, 0x00, 0x00, 0x00, 0x00, 0x00, 0x00, 0x09, 0x68, 0x00, 0x00, 0x00, 
0x03, 0x00, 0x00, 0x00, 0xff, 0xff, 0xff, 0xff, 0x40, 0x00, 0x00, 0x00, 
0x09, 0x00, 0x00, 0x00, 0x0c, 0x00, 0x0c, 0x00, 0x00, 0x00, 0x00, 0x00, 
0x08, 0x00, 0x04, 0x00, 0x0c, 0x00, 0x00, 0x00, 0x08, 0x00, 0x00, 0x00, 
0x14, 0x00, 0x00, 0x00, 0x01, 0x00, 0x00, 0x00, 0xff, 0xff, 0xff, 0xff, 
0xff, 0xff, 0xff, 0xff, 0x00, 0x00, 0x00, 0x00, 0x01, 0x00, 0x00, 0x00, 
0x81, 0x80, 0x80, 0x3c, 0x1e, 0x00, 0x00, 0x00, 0x73, 0x65, 0x72, 0x76, 
0x69, 0x6e, 0x67, 0x5f, 0x64, 0x65, 0x66, 0x61, 0x75, 0x6c, 0x74, 0x5f, 
0x6b, 0x65, 0x72, 0x61, 0x73, 0x5f, 0x74, 0x65, 0x6e, 0x73, 0x6f, 0x72, 
0x3a, 0x30, 0x00, 0x00, 0x03, 0x00, 0x00, 0x00, 0x01, 0x00, 0x00, 0x00, 
0x40, 0x00, 0x00, 0x00, 0x09, 0x00, 0x00, 0x00, 0x0a, 0x00, 0x00, 0x00, 
0xd8, 0x00, 0x00, 0x00, 0xb8, 0x00, 0x00, 0x00, 0x9c, 0x00, 0x00, 0x00, 
0x88, 0x00, 0x00, 0x00, 0x74, 0x00, 0x00, 0x00, 0x68, 0x00, 0x00, 0x00, 
0x4c, 0x00, 0x00, 0x00, 0x2c, 0x00, 0x00, 0x00, 0x18, 0x00, 0x00, 0x00, 
0x04, 0x00, 0x00, 0x00, 0x78, 0xff, 0xff, 0xff, 0x0b, 0x00, 0x00, 0x00, 
0x02, 0x00, 0x00, 0x00, 0x00, 0x00, 0x00, 0x0b, 0x88, 0xff, 0xff, 0xff, 
0x09, 0x00, 0x00, 0x00, 0x04, 0x00, 0x00, 0x00, 0x00, 0x00, 0x00, 0x09, 
0x98, 0xff, 0xff, 0xff, 0x28, 0x00, 0x00, 0x00, 0x02, 0x00, 0x00, 0x00, 
0x00, 0x00, 0x00, 0x28, 0x0c, 0x00, 0x0e, 0x00, 0x0d, 0x00, 0x00, 0x00, 
0x08, 0x00, 0x04, 0x00, 0x0c, 0x00, 0x00, 0x00, 0x11, 0x00, 0x00, 0x00, 
0x02, 0x00, 0x00, 0x00, 0x00, 0x11, 0x0a, 0x00, 0x08, 0x00, 0x00, 0x00, 
0x00, 0x00, 0x04, 0x00, 0x0a, 0x00, 0x00, 0x00, 0x02, 0x00, 0x00, 0x00, 
0xd4, 0xff, 0xff, 0xff, 0x12, 0x00, 0x00, 0x00, 0x02, 0x00, 0x00, 0x00, 
0x00, 0x00, 0x00, 0x12, 0xe4, 0xff, 0xff, 0xff, 0x02, 0x00, 0x00, 0x00, 
0x02, 0x00, 0x00, 0x00, 0x00, 0x00, 0x00, 0x02, 0xd8, 0xff, 0xff, 0xff, 
0x16, 0x00, 0x00, 0x00, 0x00, 0x00, 0x00, 0x16, 0x0c, 0x00, 0x10, 0x00, 
0x0f, 0x00, 0x00, 0x00, 0x08, 0x00, 0x04, 0x00, 0x0c, 0x00, 0x00, 0x00, 
0x03, 0x00, 0x00, 0x00, 0x03, 0x00, 0x00, 0x00, 0x00, 0x00, 0x00, 0x03, 
0x0c, 0x00, 0x0c, 0x00, 0x0b, 0x00, 0x00, 0x00, 0x00, 0x00, 0x04, 0x00, 
0x0c, 0x00, 0x00, 0x00, 0x46, 0x00, 0x00, 0x00, 0x00, 0x00, 0x00, 0x46, 

};
const int g_model_len = 25776;

struct PreloadedSpell {
  const char* name;
  float centroid[16];
  bool is_spell;
  float threshold;
};

const PreloadedSpell g_preloaded_spells[] = {
  {"CIRCLE_CCW", {0.332327f, 0.246686f, -0.212087f, -0.139513f, -0.109787f, -0.246822f, -0.265088f, 0.081122f, 0.066803f, -0.009528f, -0.085668f, 0.211733f, 0.472929f, -0.096012f, 0.299933f, 0.484634f}, false, 0.700f},
  {"CIRCLE_CW", {-0.084839f, 0.096710f, -0.314510f, 0.246112f, -0.063998f, -0.036521f, -0.210771f, 0.288876f, -0.393598f, -0.328199f, 0.035268f, -0.102780f, -0.387011f, 0.109318f, 0.358699f, -0.354717f}, false, 0.700f},
  {"INFINITY_8", {0.120795f, -0.119258f, -0.313421f, -0.078347f, -0.119842f, -0.452934f, -0.259447f, 0.309240f, -0.196775f, -0.100017f, 0.011864f, -0.056186f, 0.326637f, 0.248444f, 0.435445f, -0.272602f}, false, 0.700f},
  {"LASSO", {0.243602f, 0.359387f, -0.145526f, -0.168947f, 0.087080f, -0.048378f, -0.122640f, 0.333288f, -0.241281f, -0.149310f, 0.372133f, -0.097255f, -0.295336f, 0.345391f, -0.414227f, 0.138492f}, false, 0.700f},
  {"PULL", {-0.243400f, 0.088072f, 0.427066f, 0.228576f, -0.032177f, -0.397605f, 0.100930f, 0.180670f, 0.087479f, -0.293148f, 0.279010f, 0.038481f, 0.255041f, -0.055740f, -0.387399f, -0.324450f}, false, 0.700f},
  {"ROLL_WAND", {-0.204450f, 0.279658f, 0.007119f, -0.170912f, -0.257289f, 0.170084f, -0.074993f, 0.338602f, 0.241149f, -0.244248f, -0.514301f, 0.175177f, -0.232925f, 0.116662f, -0.341211f, 0.195030f}, false, 0.700f},
  {"SHAKE_VIOLENT", {-0.079143f, -0.140391f, 0.083815f, -0.121829f, -0.249442f, -0.133398f, 0.101296f, -0.108479f, 0.216991f, 0.200749f, 0.084355f, -0.053684f, 0.562135f, 0.538424f, -0.330015f, -0.194742f}, false, 0.700f},
  {"SPIRAL", {-0.043472f, 0.413945f, 0.093219f, 0.364655f, -0.256528f, -0.014691f, 0.006612f, -0.145588f, 0.052825f, -0.192402f, -0.439961f, -0.378047f, -0.111709f, 0.066458f, -0.180211f, 0.414931f}, false, 0.700f},
  {"SQUARE", {0.075327f, 0.163646f, -0.159845f, -0.398892f, -0.568813f, 0.248570f, 0.135228f, -0.080827f, -0.351873f, 0.010113f, -0.155674f, 0.155822f, 0.149289f, -0.219413f, -0.059088f, -0.355490f}, false, 0.700f},
  {"STAND BY", {-0.316199f, -0.161224f, 0.336318f, 0.103342f, 0.062792f, -0.115667f, 0.352371f, 0.387389f, -0.016898f, 0.051859f, 0.250987f, 0.259421f, -0.335142f, -0.164600f, 0.028037f, 0.430361f}, false, 0.700f},
  {"SWIPE_DOWN", {-0.081435f, -0.000739f, 0.358977f, -0.534786f, 0.007058f, 0.269636f, 0.350196f, -0.110650f, -0.264083f, -0.070958f, 0.037175f, -0.418364f, -0.047570f, -0.340649f, -0.025741f, 0.026862f}, false, 0.700f},
  {"SWIPE_LEFT", {-0.185933f, 0.008612f, -0.359569f, -0.028277f, -0.092125f, 0.161901f, 0.302406f, -0.145555f, -0.094638f, -0.236655f, 0.403045f, 0.622768f, -0.072094f, -0.063214f, 0.081048f, 0.238582f}, false, 0.700f},
  {"SWIPE_RIGHT", {0.268228f, -0.109808f, 0.316097f, 0.235120f, -0.021388f, -0.358354f, -0.014712f, 0.414878f, -0.461140f, 0.164576f, -0.180920f, 0.416732f, -0.005094f, -0.041144f, 0.030759f, 0.103849f}, false, 0.700f},
  {"SWIPE_UP", {-0.263462f, 0.099501f, 0.078342f, 0.380737f, 0.014470f, 0.304130f, -0.087102f, 0.254617f, 0.441109f, 0.215349f, 0.281879f, -0.044111f, -0.193545f, -0.384711f, 0.202110f, -0.236228f}, false, 0.700f},
  {"TAP", {0.006517f, -0.167982f, 0.438599f, -0.130520f, 0.137783f, 0.099202f, 0.434246f, -0.201961f, 0.223926f, 0.186713f, -0.226339f, 0.442778f, -0.043109f, -0.397953f, -0.010721f, 0.107361f}, false, 0.700f},
  {"THRUST", {0.033196f, -0.055144f, 0.289179f, 0.392152f, 0.168981f, -0.044306f, 0.364880f, -0.429278f, -0.169418f, 0.092489f, 0.373943f, -0.239604f, 0.115666f, 0.263600f, -0.117195f, 0.281809f}, false, 0.700f},
  {"U_SHAPE", {0.316016f, 0.149555f, 0.166207f, 0.031589f, 0.036292f, -0.071695f, 0.098421f, 0.015826f, 0.014110f, 0.060890f, 0.153305f, -0.311853f, 0.250518f, -0.480031f, 0.635369f, -0.105858f}, false, 0.700f},
  {"V_SHAPE", {-0.135347f, -0.293196f, -0.064156f, 0.010029f, 0.037422f, 0.215906f, -0.128807f, -0.336443f, -0.005385f, 0.068415f, -0.215576f, -0.398044f, -0.123752f, -0.530533f, 0.330591f, -0.313061f}, false, 0.700f},
  {"WHEEL", {0.284146f, 0.174129f, -0.106500f, 0.190926f, 0.488440f, 0.131608f, -0.300592f, -0.100652f, -0.285905f, 0.110677f, 0.181956f, -0.246418f, -0.261853f, -0.008267f, 0.340342f, 0.335374f}, false, 0.700f},
  {"WHIP", {0.097665f, -0.362875f, -0.028038f, -0.011323f, 0.520247f, -0.251514f, -0.209386f, -0.179083f, 0.003631f, -0.541095f, -0.085767f, -0.238322f, -0.001366f, 0.059095f, -0.156114f, 0.251442f}, false, 0.641f},
  {"WRIST_FLICK", {-0.331689f, -0.442582f, -0.178164f, -0.277321f, 0.289093f, 0.035350f, -0.369019f, 0.133658f, 0.253849f, 0.025523f, 0.119624f, 0.250314f, -0.240769f, -0.230447f, -0.283967f, -0.113226f}, false, 0.700f},
  {"YAW_SWISH", {0.199857f, -0.187701f, -0.290621f, 0.205371f, -0.049815f, 0.217433f, -0.047528f, -0.113823f, 0.024657f, 0.544554f, -0.340593f, 0.418136f, -0.220347f, 0.249014f, -0.161195f, 0.093177f}, false, 0.700f},
  {"ZIGZAG", {0.245148f, -0.364918f, -0.306373f, -0.191079f, 0.039150f, -0.076807f, 0.100568f, 0.078658f, -0.187708f, 0.128307f, -0.071586f, 0.685188f, 0.057688f, 0.344362f, -0.052632f, 0.040503f}, false, 0.700f},
};
const int g_preloaded_spell_count = 23;
